,PredRet,NetProfit,GrossProfit,Var,Sharpe,R2
GEO,1.020160436630249,0.06960784313725447,0.12058823529411734,0.30809139067884156,0.22593245128105946,-0.059056550855938285
EGRX,0.9933862686157227,0.14460093896713608,0.0169014084507042,0.23201476268561497,0.6232402508833003,-0.2912005682197086
TKR,0.9904522895812988,-0.2860215053763431,0.5520737327188951,0.2714277367893471,-1.0537666807904211,-0.03685930381037257
HCA,0.9899894595146179,-0.13820377615240748,0.010971253614559749,0.25412126673017793,-0.5438497056004571,-0.06591409445973229
ACN,1.0173377990722656,-0.20637583892617356,0.9380126771066378,0.25615454849308195,-0.8056692339046257,-0.036814576327367954
ATI,0.9877166748046875,-0.19449035812672144,-0.6732782369146002,0.39798652816110214,-0.4886857828492238,-0.06765143523180232
CATM,1.0295634269714355,-0.19828680203045562,-0.5574238578680191,0.256977806286275,-0.771610610343532,-0.05122032871157152
WNC,0.980339765548706,-1.4192073170731707,-1.3323170731707314,0.30287012348899733,-4.685861055741081,-0.08338039410878255
EMN,0.9967461824417114,-2.2397260273972575,-1.794854660875373,0.2840298889494585,-7.885529353592962,-0.05181921674712817
USB,1.0034589767456055,-0.6889117043121152,-0.6842915811088298,0.303279714065586,-2.2715390187158384,-0.04424342306591393
SEDG,0.9900259971618652,-4.568196721311476,-2.2674316939890713,0.2868486505030612,-15.925460035135075,-0.08791700908986817
MHLD,1.0047180652618408,0.302073940486925,-0.5562282622697413,8.47834172176649,0.035628894233862514,-0.02085096649771625
ABM,1.0109518766403198,0.24724061810154585,0.20557395143487905,0.15325155073122265,1.6132992897007237,-0.03282956253673426
BANR,0.9810761213302612,-0.3586815468466123,-0.4261614326498825,0.2852410445600124,-1.257468213503901,-0.07095613424854426
SPTN,1.0102070569992065,0.579949238578681,0.23984771573604136,0.2694003155052094,2.152741496519117,-0.03430798699240998
MAC,0.9991170167922974,-0.022491349480968564,-0.8967128027681659,5.4585728098264275,-0.004120371801227602,-0.03807442238790544
AEE,1.0072044134140015,-0.11260306242638467,0.8282685512367484,0.2146276851570252,-0.5246436977202545,-0.03322170823395112
EIG,0.9809485077857971,-0.023089171974522225,-0.1977176220806793,0.28439697548379644,-0.08118641883278077,-0.08418073780413918
PBCT,0.9939979314804077,-0.6333084391336843,-0.8431665421956707,0.2132065958013956,-2.970397967549647,-0.017907364486302323
CLX,1.0156031847000122,-0.6661548188962142,0.27576551350374984,0.19102550819408526,-3.487255837428076,-0.04620139477619083
PKI,1.0041003227233887,-0.4883804719870292,0.7458115654836968,0.2287325604304152,-2.1351593793839765,-0.08695244012014114
MTRN,1.0334882736206055,-1.0985487681403996,-0.21363482956463184,0.29053688000246025,-3.7810992110639696,-0.12086423400289208
AVNS,0.9943360686302185,0.25753052917232,0.29253731343283557,0.3011355992287066,0.8551978900747992,-0.0348381614005429
CRS,1.022956132888794,0.36016727652901126,-0.15682174594877232,0.28181907330448,1.2780088734877155,-0.0379219634518142
TTEK,1.001939296722412,-4.910340876539673,-2.8066456602692638,0.2566182666857582,-19.134806489201132,-0.08463856516714838
KIRK,1.0089967250823975,-0.27132412672623807,-0.23883021933387413,6.4841591246071415,-0.04184414995190182,-0.021945843945893228
NSC,1.018945574760437,-1.3228390254755835,0.11069084436533307,0.2229567799693773,-5.933163481567847,-0.0683955639145708
RUTH,1.0097817182540894,-0.014255543822598029,-0.4202745512143615,0.40413232032551805,-0.03527444626944985,-0.035945614419685114
SRL,0.9918501973152161,0.7531707317073165,0.19219512195121896,0.2860413175285531,2.633083702562744,-0.055702099173396837
SIGI,0.987870991230011,-0.7075831969449013,-0.27550463720676704,0.2448807175300072,-2.889501483795862,-0.06784118585054126
FSP,0.9913286566734314,0.28371604952053564,-0.2820303865861412,0.27744719527419237,1.0225947648808937,-0.020659451579304912
SCVL,0.9761031866073608,-1.6494885916601096,-1.3280881195908727,0.27709540528293963,-5.952782181214999,-0.04418919670787136
RLI,0.9898686408996582,-0.5034046692607037,-0.13310635538262333,0.25997723980835413,-1.9363413098706694,-0.023299380375691257
BWA,1.015811800956726,-0.005108173076923128,0.1574519230769229,0.25983152203085197,-0.01965955875958205,-0.06075115322532469
LDL,0.9949323534965515,-0.16153846153846288,-0.8157598499061927,2.1192073601787795,-0.07622588736064632,-0.013421017186988692
AIZ,1.0128525495529175,-0.15289855072463734,0.12525879917184304,0.1564153970794561,-0.9775159829643634,-0.053072112820418925
EGHT,0.9551478028297424,-0.3501997336884163,-0.24500665778961456,0.2512443533738578,-1.3938611110910195,-0.1395153070895455
TILE,0.965921938419342,0.001253132832079506,-0.5645363408521311,0.3349089440023582,0.0037417120508328704,-0.07264201844679015
NBL,0.9924878478050232,0.09118086696562225,-0.7832585949177858,1.163819921011154,0.07834619885056407,-0.012284944090241856
VFC,0.9998050332069397,-0.16673922507618533,0.48367435785807666,0.27270711157535704,-0.6114223573116028,-0.04505281974149851
M,0.990240752696991,0.4406040268456366,-0.35268456375839025,0.5964640464047644,0.738693353652318,-0.04811992070427649
BA,1.0060089826583862,-1.6325266845921906,-1.2689643933838473,0.41585463061305095,-3.9257148147970744,-0.02063246071456728
STC,0.988425612449646,-0.12805830296720516,0.08172826652784936,0.23020708755481675,-0.5562743713574178,-0.07477845649243746
RGA,1.0114167928695679,-0.3185323673755547,-0.5033107423852922,0.3130567956563025,-1.0174906652514089,-0.04648083020752698
BHE,1.030914068222046,0.5061001262095082,0.4093395035759364,0.25934785520960896,1.951433628033387,-0.08079310028985813
HI,0.9916853904724121,0.12940100594421558,-0.15066300868770036,0.32813510070937696,0.39435283096820634,-0.031273068090480825
DHI,0.9790082573890686,-1.3742182070882556,0.30437804030576804,0.2627767661037736,-5.229603160663757,-0.12421708343424269
BRKS,1.0324146747589111,-4.019953952417498,-1.1818879508825781,0.2728688109822349,-14.732185538075283,-0.08002454431225883
DISCB,0.9997090101242065,-0.4794999999999998,0.18900000000000006,0.24689708638641672,-1.9421047320717573,-0.00015317142059516619
PTC,1.0097657442092896,-0.9621621621621624,-0.06767567567567588,0.2551996622977274,-3.7702328957733395,-0.15566704693212413
HD,1.0032285451889038,-3.1506293824448766,-1.720452817436851,0.21873990699230086,-14.403541741998716,-0.06435933471670299
MCHP,0.9885804057121277,-0.09702258726899363,0.7991101984941824,0.21108580973272095,-0.45963576303817416,-0.06720754128360325
NCB,1.0033981800079346,0.18404478656403186,0.27291812456263237,0.2357204774424611,0.7807755545161716,-0.03697448639026342
SBNY,1.0049511194229126,0.1943568598916638,-0.10396960142291292,0.2487883224698981,0.781213755870951,-0.060729047692543545
AVD,1.0117627382278442,0.3449781659388639,0.2582657517155326,0.2516434678379891,1.3709005394245906,-0.07188767669342924
MHO,1.0308027267456055,0.1077768385460689,1.1200338123415041,0.2639201805306164,0.4083690693471968,-0.06090646269174367
SSTK,1.0016566514968872,0.02803504380475552,0.5539424280350433,0.26258074393541453,0.10676732563822124,-0.1392745017485118
ASNA,0.9535608887672424,0.36051832460733035,-0.6369773123909244,2363.3823314125952,0.00015254337811344856,-0.021448827456921515
JCOM,1.020927906036377,0.7172590457893038,0.8519052193403764,0.2809383997644701,2.553082975254799,-0.17111996681120428
BGFV,1.0098505020141602,0.11927398444252275,-0.09853068280034669,1.978211449063024,0.06029385002952402,-0.020759373169024896
FOSL,1.0218629837036133,0.6223752151462989,-0.18209982788296092,0.41505312430148317,1.4995073607596119,-0.018761484872046274
SHW,0.9980645775794983,-0.6755343337880855,0.9594512657268458,0.21159788489493786,-3.1925382137172424,-0.04325937684825978
ONB,1.0158978700637817,0.08755020080321484,0.19277108433735143,0.2558174709667688,0.34223698810768116,-0.04139968359168304
JNJ,1.0052714347839355,-0.10215557638238015,0.2858481724461108,0.14170301422548393,-0.7209132202913798,-0.029028822182171555
MAT,1.017208218574524,0.6102280580511417,0.045611610228059284,0.2696332683042902,2.2631779144410364,-0.017414886188262015
AMD,0.9958987236022949,-5.2169540229885065,5.732758620689655,0.2664263142563181,-19.58122656011884,-0.05112580940886633
MANT,0.9927815198898315,-0.7581227436823116,0.4169675090252694,0.26200550533305217,-2.8935374561281026,-0.06638655619884685
CBSH,0.9961522221565247,-0.41954280591663057,-0.11317794710892098,0.25616046050956864,-1.6378125059514315,-0.03284565591713364
JLL,1.0056051015853882,0.27658983615662497,0.2840877534018346,0.24424222326922976,1.1324407071847449,-0.043713809703827745
IRT,1.0038307905197144,-1.1913123844731979,-1.1081330868761554,0.2401050635653567,-4.9616295728505495,-0.030871215776276585
BKH,1.0157759189605713,0.10167158308751037,0.24503441494591743,0.23464648219782838,0.4332968561551341,-0.049092392955745634
IIN,1.0062094926834106,-2.5578583765112293,-1.1260794473229734,0.36858302289800127,-6.939707520183586,-0.022678713787146032
APEI,0.991169273853302,0.3513580246913576,0.09975308641975263,0.2662051042609535,1.319877113306375,-0.08713574970608731
MPAA,1.0048799514770508,0.11099137931034342,-0.3275862068965531,0.26012861323559516,0.4266788566129481,-0.03301332130018384
CTXS,0.9989528656005859,-2.981796116504856,-1.884405339805827,0.25612471706964357,-11.64196938685098,-0.19413573768081496
FLR,0.9809097647666931,0.4720213170917403,-0.32051770079939035,1.3813446526178959,0.3417114737896904,-0.02302265966474466
JRVR,0.9987061023712158,-0.3382690302398334,-0.3038581856100107,0.20467177780549928,-1.65273900340094,-0.02229363995934337
BCC,0.9945390224456787,-0.7389184397163114,0.04609929078014276,0.2695880695928198,-2.7409166902610593,-0.06721287426951643
AAN,1.0032919645309448,-1.5162454873646212,-0.14039310068190963,0.2989278199785473,-5.072279612403447,-0.01246137335628945
AIG,0.9996806383132935,0.2978564771668206,-0.13755824790307686,0.2782641179525979,1.0704092185918104,-0.06292310943175194
VLY,1.0101817846298218,-0.8876543209876521,-0.9530864197530841,0.2555146607012185,-3.473985869163947,-0.02585663071702533
SMP,1.0094780921936035,0.1195407474110763,0.17649707339036494,0.22974556998791307,0.520317964630759,-0.13689984355787846
IRM,1.0148619413375854,-1.5362204724409452,-1.4531496062992126,0.26720860069441127,-5.749143058545874,-0.04545362102451711
BRKL,1.015639305114746,0.5182149362477229,0.37613843351548243,0.16725144927249347,3.098418209181448,-0.042144247164128144
TTEC,1.0084459781646729,0.0855654761904749,1.3017113095238084,0.2877422449511902,0.2973684874643712,-0.1008003126673513
KBH,0.9817009568214417,-1.3136882129277556,0.2750316856780746,0.25235376106990076,-5.205740571638622,-0.07140571263766735
MDT,1.0041664838790894,-0.41048479450311803,-0.009161470925054786,0.25294339571094854,-1.6228326230344314,-0.08021434484503032
EW,1.0013296604156494,-1.3983593950269153,-0.2109715457574971,0.255257238933135,-5.478235995670994,-0.033015875766217874
SABR,0.995917558670044,0.23684210526315722,-0.4780701754385972,0.8375766712683765,0.28277065653729405,-0.026979342303660746
KRA,1.0587369203567505,0.0006544502617795094,-0.35580279232111756,1.072696894348856,0.0006100980297102112,-0.02191929475153338
OMC,0.9932052493095398,-0.16492146596858676,-0.4418572609534311,0.23539175852969646,-0.7006254888814134,-0.07250733357375613
PETS,0.9884381890296936,1.6554669703872438,2.4635535307517085,0.41989626762021626,3.942561765017422,-0.044813351088278976
SJI,1.0086627006530762,0.2711370262390671,0.09579341940857979,0.05430264268690555,4.993072386975034,-0.031243313642709224
FPL,0.9825729727745056,-0.43745832861581785,-0.9405467285604657,0.41084884350332374,-1.0647670923912487,-0.018911778240037046
HAIN,0.9983203411102295,0.4825114678899084,0.5206422018348624,0.23336482488238505,2.067627235279908,-0.07150310073316288
ZTS,0.992005467414856,-2.2331529758976867,-1.6242006886374802,0.2446829577390941,-9.126720535094355,-0.017905260122868173
CRI,1.0125216245651245,0.13361016121152922,0.12469467513434322,0.19086914695980164,0.7000092119113809,-0.04754115234806324
ADS,1.0025385618209839,0.1372051151839709,-0.6088823230691107,1.4508060745009308,0.09457164371310724,-0.024312403859616572
FIS,1.027694582939148,-0.8744939271255081,0.004570980801878702,0.19285349037402566,-4.534498831086952,-0.05625388738831032
NE,1.0142507553100586,0.13014308426073273,-0.8653259141494422,2132.494639334098,6.1028563383102186e-05,-0.008854376050529656
FAF,0.999931812286377,-0.24253908100426344,0.046660350544765486,0.2211030356149287,-1.0969504793094407,-0.04467650889439967
MET,1.0063083171844482,0.13844425723111395,0.24150519516989524,0.25126830904022146,0.5509817680742798,-0.044567388679498346
VIVO,0.9959636330604553,-0.22209502003434456,-0.18717801946193474,0.41637230905459854,-0.5334048762399349,-0.033750699254185126
NI,1.0225105285644531,0.2851504686729157,0.4444992599901333,0.19845668408594336,1.436839831535958,-0.06299293859786728
CUK,0.9935563802719116,0.2667534157449572,-0.47148124051182005,0.6138092573787625,0.4345868239926094,-0.025829563417203927
FUL,1.011663556098938,-0.08456132396282064,0.043074132849693594,0.2603290143307065,-0.32482481504315336,-0.07883437323929376
MAS,1.0036470890045166,-0.5888019265502716,0.14087898856110712,0.2624413848010607,-2.243555934488943,-0.12328948701479599
DDS,0.9968559145927429,0.8100927527118374,0.6101241943090706,0.3094161511645386,2.6181333760409946,-0.03636045853461458
CHRW,1.0097236633300781,-0.5568057508985766,0.009532739490546721,0.2525225465271786,-2.204974400644859,-0.09047067488066692
PFE,0.9943671822547913,-0.18122195374525446,0.12875388332757967,0.22796532125500094,-0.7949540424310636,-0.06469159007691902
SF,1.0013463497161865,-0.5915712799167522,-0.04682622268470207,0.2564651019187728,-2.3066346074385207,-0.027991069895431497
GNW,1.017101526260376,0.42397660818713506,0.45029239766081924,0.2732811093326541,1.5514303534091058,-0.04673630302211218
MRO,0.9946149587631226,0.8244250418951612,0.08981540046557439,0.2683908877862355,3.071732607571295,-0.010408910907889623
AMED,1.0073496103286743,-2.226623376623376,2.2207792207792205,0.27482982703334746,-8.101825772873692,-0.08349003389297427
PDFS,0.9845115542411804,0.30558015943312566,0.20150575730735074,0.34857110845981926,0.8766651966529354,-0.07501019746586146
BEAT,1.021036982536316,-0.2630715123094967,-0.20820633059789054,0.2878545954185498,-0.9139041599651793,-0.14046612484821716
MGLN,1.0041828155517578,-0.21330671989354774,-0.1720558882235545,0.2913364502737779,-0.7321662621339697,-0.02338649729506992
OKE,0.9973318576812744,0.2564234326824254,-0.0010277492291882388,0.12970986549297206,1.9768999953101403,-0.02094595091707756
ET,0.9895880818367004,-0.04401544401544294,-0.5791505791505781,0.470823211950629,-0.09348613850990387,-0.041100760604664985
VC,1.0004878044128418,-0.9158080260303695,-0.7581344902386122,0.28064594231550816,-3.26321491822774,-0.020053142324894236
APA,1.0070574283599854,0.5845070422535211,-0.25455170044658193,0.26907333955746426,2.172296382085309,0.0009527961534403495
TTC,0.9962267875671387,-0.4758513242822146,0.44892054306699536,0.20448400924068236,-2.32708330502958,-0.0845130267464715
ELY,1.021208643913269,-1.2820976491862566,-0.4547920433996381,0.22271620250505633,-5.756642912324642,-0.02817910578874925
LAD,1.013662576675415,-0.25186977562692436,1.7702375714914211,0.3072002878652375,-0.8198878239835039,-0.10732289399149356
FITB,0.9964155554771423,0.05225522552255378,0.3316831683168333,0.261802288353331,0.1995980471800529,-0.05867299881112977
PEG,1.0060997009277344,-0.381463690307996,0.29980220401243346,0.25192388863838217,-1.5142021354875888,-0.08797421757140374
LFUS,0.9820624589920044,-0.6229455365775035,-0.06977118917176717,0.26014545131427597,-2.3946047612628685,-0.06643163424954861
B,0.9969557523727417,-0.354463130659768,-0.3146183699870642,0.2757713002931871,-1.2853517757445545,-0.051665608589007664
PXD,1.0105698108673096,-0.5961996565287255,-1.0961719572322877,0.49601651063767277,-1.2019754254592472,-0.04816916405077114
HAS,0.9834496378898621,-0.01756569847856071,0.19405255878285005,0.2583460697573745,-0.06799289994331337,-0.038165230649993595
KAMN,1.0168251991271973,-1.3655939995160884,-1.3043793854343075,0.24132860671165163,-5.658649496874134,-0.05662457018305513
MED,0.9819810390472412,-2.612140210886297,0.8332858364206279,0.27215770602557104,-9.597891781469821,-0.0470261259228808
PRAA,1.0068415403366089,0.0100890207715124,0.19821958456973185,0.24134862003934554,0.04180268677603121,-0.06263009019171521
URBN,0.9845128059387207,0.29698828778583286,-0.0326268823201348,0.286779032814422,1.0355997255714904,-0.04907011718183156
HIBB,1.0013427734375,0.007531584062196708,0.1936345966958217,0.48923041058776173,0.01539475857931395,-0.02408829531603205
CC,1.0052765607833862,-0.12756756756756774,0.11891891891891869,0.2762033828766664,-0.46186098878573334,-0.09412378158787468
LUV,1.009101390838623,-1.028374436488996,-0.9761336515513136,0.25180616540658385,-4.083992282000369,-0.05586805568993358
SPGI,0.999998927116394,-1.7219630061656384,0.17897017163806142,0.23187969356163252,-7.426105231441227,-0.047159857663653645
AES,1.0000331401824951,-0.4096871846619591,0.5983854692230054,0.22983647550123243,-1.782515954398677,-0.08137482071163463
CUTR,1.0032134056091309,0.9926686217008795,0.5727272727272726,0.3754394698647712,2.6440177475054103,-0.018776612596333387
NCR,0.9963119029998779,-0.9682294879703884,-1.272979642196175,0.6672786567429401,-1.4510122241153658,-0.02668441549132159
URI,0.9883440732955933,-0.5552217281576751,0.763489965148418,0.24342512815065287,-2.2808726943997657,-0.09199691630145797
CASH,0.9996792674064636,-0.8811835413777155,-0.8081368469717977,0.3470860765934422,-2.5388040620137167,-0.019043971857623763
IRDM,0.9981513023376465,-0.34849498327759254,0.527090301003344,0.2577264893669515,-1.3521892297465232,-0.023483890502254346
THS,0.9975936412811279,0.1510098637858156,0.09628933771723884,0.27714904861919365,0.5448687790331123,-0.035751162121436454
VRA,1.0340962409973145,0.27435210008936506,-0.06255585344057235,0.2976103437627838,0.9218500154546303,-0.05162078161980195
BLK,1.011618971824646,-2.780464276823501,-1.7348456559621621,0.26350581454076705,-10.551813745036556,-0.06115314741221152
XEC,1.002898097038269,0.5025103878116352,-0.27631578947368335,0.47630956319250145,1.0550079749355017,-0.02279368840729714
AEGN,0.9828055500984192,0.6348966212808866,0.44427634896621204,0.2683793994144095,2.3656682384327286,-0.07197912896375817
IBKR,0.9984307289123535,-0.05457317073170838,-0.2856707317073181,0.23599959611785093,-0.23124264450576412,-0.045406981486815746
SCI,1.0189826488494873,-0.4222312703583054,0.3741856677524438,0.2596636429595062,-1.6260700396225438,-0.08611610787295838
STBA,1.0024529695510864,0.09611612397018562,-0.12240094154570286,0.1997800152712859,0.48110980365857087,-0.06667805837526002
TBI,1.0048800706863403,0.2702222222222206,0.06488888888888719,0.2567293301523686,1.0525568775355285,-0.10150221167115045
ZUMZ,0.963184654712677,-2.3212464589235102,-1.4872521246458899,0.2676164612699124,-8.67378055535594,-0.06706122051501189
GME,0.9874042272567749,0.013949013949013054,-0.34583934583934667,1.4184402159355674,0.009834051369467998,-0.02393570023632239
EXC,0.9965100884437561,-0.5662563359884139,-0.04236060825488731,0.23166882486149276,-2.4442491823512946,-0.040836433020552884
CVBF,0.9990376830101013,-0.4045512010113795,-0.27496839443742244,0.2539991154981524,-1.5927268095350886,-0.10679547402832493
UTHR,1.0099143981933594,-0.11681240719353286,-0.16812407193532464,0.2692264947527451,-0.4338815437069967,-0.0806086562698621
WAFD,1.0036598443984985,-0.21349238996297665,-0.2883587001234045,0.2634047951831772,-0.8105106428812675,-0.04055499473044333
WBA,1.0107890367507935,0.048115700180782435,-0.43165067445417793,0.17586336673232197,0.2735970603056784,-0.0431290876848633
PDCO,1.0185428857803345,0.059102902374670425,-0.21609498680738762,0.19423674589081497,0.3042828074223673,-0.02862537710938966
PG,0.9928212761878967,-0.977637397346809,-0.15337965887555222,0.16990276019112777,-5.754099554778455,-0.04977874180154869
GS,0.9867896437644958,-1.5667627281460146,-1.2461735510726875,0.2535998862178695,-6.178089236925715,-0.07513040186652362
FFIN,0.9944230318069458,-0.9814600231749694,-0.24391657010428597,0.254477130752275,-3.8567710186292175,-0.06700026184830712
SKT,0.9977144598960876,0.1773049645390076,-0.6060283687943258,0.8181689664798126,0.21670947173686456,-0.016756318376142908
MMM,1.0080077648162842,-0.08696221596490192,0.03261083098683661,0.20741738741464877,-0.41926193848507637,-0.029682597632172313
HSKA,0.9995790123939514,-1.263215457528255,-0.3492526430915069,0.30847673637287043,-4.095010443808137,-0.1876414340387468
WPG,1.0230733156204224,-0.03564447919258011,-0.8199296350261207,1.459459207670641,-0.024423073288240723,-0.025586046903792646
EAT,1.0060123205184937,-0.13822602431337283,-0.07721746960828503,0.3624201629572699,-0.38139716937197626,-0.01954891936131662
BPFH,0.9836064577102661,-0.20440528634361127,-0.641409691629955,0.2496044366785515,-0.8189168789694198,-0.07788577415480384
ORN,0.9773308038711548,0.44808743169398846,-0.12021857923497327,0.34723378513912073,1.2904488294116179,-0.04499672887606998
FBP,1.0360074043273926,-0.5134099616858244,-0.35823754789272083,0.27794087313627347,-1.8471912954284422,-0.059776961770181304
CHUY,1.0102264881134033,0.11127098321342875,0.22350119904076687,0.31791684949263294,0.35000027005805867,-0.04600357956814136
NMIH,1.0055245161056519,0.386355209492028,0.23804226918798646,0.28794603729835117,1.3417625503126314,-0.03724412383864269
IP,0.9878889322280884,0.27457372116348955,0.44157472417251653,0.292292169182398,0.9393810372600514,-0.06142747611805688
PRSC,0.991645336151123,-0.7026597856292196,0.3860658991663342,0.2491324592167127,-2.820426481384165,-0.0886571643793157
CNO,0.993587076663971,-0.19244512506380895,-0.26135783563042464,0.3122764158142052,-0.6162653189816336,-0.07575703960354456
LNC,0.9721400737762451,-0.10020590253946585,-0.32738503774880007,0.2862732848532051,-0.3500358147489932,-0.05155805763159242
UMPQ,0.9937666058540344,-1.543257989088074,-1.5798908807482455,0.31543701026511534,-4.892444254723843,-0.07801178756305474
OSPN,1.017808437347412,-0.18101545253863002,0.21026490066225295,0.27386617698378285,-0.6609631553123577,-0.10524260580550085
NWBI,0.994366466999054,-0.028244274809161602,-0.24656488549618447,0.2794162869088793,-0.10108313696210576,-0.0691803690064758
POST,0.9959771633148193,-1.1200842696629214,-1.1854935794542536,0.2629475307019289,-4.259725376568187,-0.1097145197934907
RMBS,1.0106093883514404,0.3884892086330949,0.5339728217426073,0.27885164609611096,1.393175238276621,-0.15436435772648083
CVCO,0.9997603893280029,-0.6995825426944964,-0.3363187855787468,0.27345284481084053,-2.5583297292906044,-0.040803979605498863
SEIC,1.0262980461120605,-0.17049408489909654,0.12131755973091968,0.25516913891907544,-0.6681610697692995,-0.11218460527261778
BCOR,0.9712767601013184,-1.3816593886462905,-1.4777292576419234,0.5334515858319513,-2.5900370813079543,-0.07169433853465197
COST,1.008673906326294,-0.5906683114432876,1.1779261301792363,0.2267825491450223,-2.6045580376870743,-0.0871745839599027
FWRD,1.007163643836975,-0.43138668589281415,0.06608988223984637,0.25592031974059515,-1.6856288948119147,-0.074967386073854
DEI,1.0106128454208374,-0.5582986317668044,-0.83491969066032,0.36971733741977414,-1.5100688420838366,-0.08367037509876032
GVA,1.0141055583953857,-0.242903575297942,-0.8166847237269776,0.9165870251664313,-0.2650087428712351,-0.03745640593148587
MLSS,1.0316412448883057,-0.474747474747475,-0.5353535353535355,0.2684321404209755,-1.768594006016123,-0.08086852276663184
TYL,1.0073660612106323,-0.47531405200116816,0.8531697341513295,0.15891637354037916,-2.9909696597833473,-0.15271109688957427
RPT,1.006966471672058,0.47608695652174027,-0.14710144927536117,0.282630149314863,1.6844875095859242,-0.021060247030524958
NBR,1.0092899799346924,0.7738105816908666,-0.17743970711074009,1.5224295153478205,0.5082735022141576,-0.01535919960365555
GLT,0.9978213310241699,-0.693446088794927,-0.916490486257929,0.38095729972639497,-1.820272479647812,-0.025810876238888402
SMTC,0.9776238203048706,-0.2288503253796104,0.8083875632682567,0.26703200396399634,-0.8570145971146013,-0.08031548963745982
AMCX,0.9737570881843567,0.49596455135306294,-0.13562272511473256,0.2901469596640657,1.7093563611914417,-0.07327248089241852
BIO,1.0031331777572632,-1.0189205955334995,1.433746898263027,0.24039172029965408,-4.238584398162848,-0.06180638005965764
CAL,0.9939292073249817,-0.09225092250922669,-0.7121771217712194,0.4873333385265211,-0.18929737655384432,-0.023666290061386253
STLD,0.9928700923919678,0.16065723413966126,0.6846188954815143,0.2847146546475478,0.5642745515931156,-0.09433746913087804
PNR,1.0115563869476318,-0.28571428571428614,0.019884877027733748,0.1388881371515832,-2.0571539900253737,-0.05557084494483346
NSIT,1.0260089635849,-0.283307810107198,0.6263399693721283,0.26424799522036047,-1.0721285123231699,-0.12384890117183552
OEC,1.0063625574111938,0.2551674982181032,0.32359230220955015,0.25138136752319823,1.0150613016020347,-0.032449873141810935
VTR,1.0022199153900146,0.23371078522368632,0.026359754965657834,0.17556182734430256,1.331216407495141,-0.04027846119720566
CRY,0.9837881326675415,-1.2701754385964903,-1.1461988304093558,0.24598175988772528,-5.163697660590254,-0.1022722511416914
MSFT,1.0182363986968994,-1.2559821925431272,1.8185865331107407,0.2753085127453576,-4.562089924362853,-0.06822229953914252
AMWD,1.0068265199661255,-0.44333048049883816,-0.3068834820882746,0.28470055199165545,-1.5571816676917225,-0.05546141908884965
EXTR,0.9613102674484253,-0.39651416122004135,-0.4379084967320238,0.39369146326397,-1.0071698223577221,-0.08511729684014355
VRSN,1.0124925374984741,0.5190217391304375,2.201992753623191,0.31858043992512586,1.6291701370288243,-0.14733267537347555
DRQ,1.0018517971038818,0.1471784892977174,-0.41623916504510944,0.3383478081655273,0.4349917029230916,-0.04785211561936431
MTW,0.9753063917160034,-0.9044117647058849,-1.4485294117647085,1.2729456729061284,-0.7104873239170284,-0.04883847466862332
AMZN,0.9893484115600586,-1.069113418720147,1.8192856973124554,0.27423411519568586,-3.898542738081303,-0.17366989788521262
AVAV,0.9744179844856262,-0.3750290630086024,0.36875145315043045,0.2621100034602089,-1.4308078971219236,-0.04180125319905006
DSPG,0.9986116886138916,-1.635578583765114,-1.3860103626943021,0.2608661961742454,-6.269798874384056,-0.17043982615807463
E,1.0050181150436401,0.35123614663256736,-0.000426257459504245,0.22455957860221626,1.5641111755839827,-0.0268515399171688
XRAY,0.9944750666618347,0.31435557107928785,0.11212015368494627,0.2697105525087979,1.1655293722794948,-0.046249989670587244
ENSG,1.02732515335083,-0.8189596167008908,0.16666666666666585,0.2126468595527155,-3.8512659817237638,-0.02314880637152692
FB,0.9898748397827148,0.011025489033787533,0.58737403675163,0.2421720484243764,0.04552750451990225,-0.1181465073640465
ACOR,1.0194590091705322,0.7855855855855858,-0.184234234234234,5.107846272918716,0.15379977070478823,-0.02080174250786344
ALXN,1.0222800970077515,-0.22263813166246027,-0.21254780698185163,0.23707239203127245,-0.9391145449748548,-0.12279014696222146
TRN,1.046062707901001,-0.26670910248249485,0.09357097390197364,0.2511521944766088,-1.0619421539680822,-0.059924934431182075
CREE,1.0180338621139526,-0.24941084053417187,1.5506677140612721,0.32955478446885605,-0.7568114687227695,-0.08717550404069012
ANDE,1.0035533905029297,-0.21950473861204522,-0.511770100886579,0.3967563750284138,-0.55324817034383,-0.05188958115787221
AAOI,1.008931040763855,0.35299539170506883,0.3649769585253454,0.26882452381460437,1.3131071025990264,-0.08677218366164854
JKHY,0.9974137544631958,-0.24497892387800477,0.7666749318125482,0.1881640849381639,-1.3019430558616834,-0.07568336768971148
PFBC,1.0051592588424683,-1.049922958397535,-1.0036979969183357,0.2420626395638503,-4.337401921484254,-0.008066502333206738
BELFB,1.0109069347381592,0.23667100130039137,-0.2973558734286941,0.3258157176609524,0.7263952854295213,-0.022390970825122626
DIOD,0.9932549595832825,-1.5977653631284914,0.28957169459962784,0.26669843792850834,-5.9909063395328195,-0.10536660232261714
CME,0.9959011077880859,-1.8432039293473146,-1.2564465854349691,0.2449156910174641,-7.525871131153025,-0.06584018176633495
COG,1.000687837600708,-0.2881915772089171,-0.4995871180842267,0.29875521863346716,-0.9646411481301206,-0.06551995829250043
LECO,1.004045009613037,-0.899557371467483,-0.18215866530473204,0.2696614461014861,-3.33587683422624,-0.08493227972382322
SEM,0.9941555857658386,0.03351351351351261,0.26702702702702613,0.2559133048637538,0.13095651091004934,-0.02781521372116007
VSTO,0.9690523147583008,-3.8109375,-1.5734375000000003,0.27316683629022903,-13.950952283812128,-0.06700502297514972
NFBK,0.9981290698051453,0.023809523809523666,-0.2761904761904764,0.295902991634205,0.08046395093872717,-0.046365397703048
FORR,0.9990347027778625,-1.1063887384948583,-1.0787763941526818,0.26209425079880466,-4.221339211755691,-0.04861584323427972
INTL,1.0061486959457397,0.4234004588325236,0.8266632679072113,0.287036037394782,1.4750777028832853,-0.054180502254558685
CERN,0.9945271015167236,0.11433817392755827,0.36004006009013545,0.2700995447693998,0.42331864714116335,-0.1181798454442656
LIVN,0.9949814081192017,0.16295314946404985,-0.15608816090569597,0.3018290310468297,0.5398856062483222,-0.04735824420291275
CR,1.0032671689987183,-0.0874524714828942,-0.1463878326996242,0.255684140625021,-0.3420332259752714,-0.040706683068212346
NLS,1.0107356309890747,-0.2205677059097262,-0.13168915774779041,9.910359996160572,-0.022256275856068996,-0.03985982563079724
SIG,0.991340160369873,0.17671078569417054,-0.5023936919177697,2.487073086750257,0.07105170597055721,-0.014546753712692383
FLOW,0.9778963327407837,0.17057968003324317,0.13089549137751902,0.2497217235383875,0.683079059154073,-0.034266469981574364
NPO,1.0310688018798828,0.2362014214426129,0.14894903977014962,0.2554176455632351,0.9247654790227041,-0.01710663692034644
HA,0.9975138902664185,-0.02164590565652532,-0.7494384316928742,1.069246754516676,-0.02024406954060418,-0.05897298491518428
PII,1.0154592990875244,-0.504913639070875,-0.0747468731387726,0.19769017599887068,-2.5540654019062274,-0.03861502322976471
ABC,1.0219343900680542,-0.46922354834383834,-0.13463859460909242,0.20033639978787096,-2.342178199301098,-0.03756743842981192
ADTN,1.013572335243225,0.5073612684031706,0.1234428086070212,0.2753126655630465,1.8428548035785866,-0.058823374039743824
EPC,0.997900664806366,0.27264409881061297,-0.32871520062736903,0.48329256153965583,0.5641388269780513,-0.022425326375150025
CRVL,1.0109014511108398,-1.2613230853691992,0.21465824869613173,0.1963562089553093,-6.423647571103349,-0.05935676143680317
SAFT,0.9933589696884155,-0.5292747837658004,-0.3868928809048554,0.27593107191261296,-1.918141294872391,-0.07534550067697646
AWR,1.0108205080032349,-0.3864598025387885,0.8031029619181932,0.16491746423859735,-2.3433528043175307,-0.043917924913582686
DD,1.0263267755508423,-0.21473139552579495,-0.314259625627758,0.21755489732287356,-0.9870216578411911,-0.06681009105707351
DORM,1.0094194412231445,-1.8254716981132073,-1.3919811320754716,0.24273493382689643,-7.520432549947581,-0.06702995571882693
YUM,1.0100876092910767,-0.21681189133777595,0.46659832564496795,0.10663980540423479,-2.0331234693518465,-0.06598450958837723
RS,1.003791332244873,-0.6357232310582318,0.13697557921102288,0.2612097639780344,-2.4337651898353783,-0.10314861461682137
AMAT,0.9914533495903015,-3.1356534090909096,-1.8984375000000004,0.26140366230025,-11.995445589012952,-0.058704831698165004
AAPL,1.0009435415267944,-1.686639374767399,1.7428358764421281,0.2969149712076891,-5.680546748245835,-0.10280011610005135
SSD,0.9904877543449402,-2.976139346218085,-1.667382486280122,0.22009696462322828,-13.521946338335821,-0.024114218113241704
XLNX,1.018241286277771,0.2613338706427565,1.6393310497682851,0.27436512047715317,0.9525039848105173,-0.08671245819640694
SITC,1.0114260911941528,0.2638172439204124,-0.4672070744288875,0.42634833610444195,0.6187833316509229,-0.03158743124599308
LNTH,0.9464985728263855,-0.36692986530422755,-0.7468648397584774,0.27215919109415837,-1.3482177974377494,-0.1747337013797551
PACW,0.9964373111724854,0.11995249406175991,-0.3286817102137745,0.3340627734991704,0.35907171807681415,-0.0270384732153238
INTU,1.00653874874115,-4.484770607272034,-2.2375785265562524,0.266994261147827,-16.797254691213084,-0.08022621990176124
MUSA,1.0011121034622192,-0.4918944503609048,-0.00627144716601671,0.23999402568232459,-2.0496112299355933,-0.06721366034145486
ORI,0.9872167706489563,-1.1015850144092219,-0.956772334293948,0.2520627273218577,-4.370281261638437,-0.03190974957769852
PNFP,1.0142357349395752,0.046735059436573925,-0.3090701840091189,0.259167917495212,0.18032733322173103,-0.04303072413275233
TEX,1.0358771085739136,0.1006289308176094,0.12494758909853176,0.27879314028581414,0.36094478751647835,-0.08649159892904987
MYRG,0.9823599457740784,-1.0380067567567566,-0.7840653153153153,0.2812412609709287,-3.690805370464373,-0.06080896981205397
WEN,1.0132300853729248,-0.8048533872598603,0.6410515672396342,0.224217432308358,-3.5896111137068676,-0.025495314498426947
RL,1.0186898708343506,-0.11317114993033853,-0.31164934090665397,0.2469017555826911,-0.4583651080868856,-0.04626893999049608
COHR,1.0105974674224854,0.4940460439269651,0.5341801181970541,0.2768402658144356,1.7845888216263395,-0.054537546921701055
G,1.0242784023284912,-0.2547504025764884,-0.01771336553945149,0.23653874604307162,-1.0769922760239938,-0.06768076536682446
QLYS,0.9868345856666565,-0.12821967547940588,0.0248496539203446,0.24525676911358862,-0.522797702548802,-0.20213900280702912
UFCS,0.9927011728286743,0.25198187995469834,-0.12995469988675132,0.247087158945711,1.019809693582991,-0.05166358110583369
ASH,1.0200680494308472,-0.5084839542604225,-0.10051641460715792,0.21860147786442297,-2.326077385182077,-0.08417925308616328
EMR,1.013441562652588,-0.7465811965811966,-0.24487179487179475,0.27129993365616123,-2.751866490510124,-0.04066594543834756
CENT,1.00618577003479,0.19664804469273628,0.7884543761638722,0.2645058205114293,0.7434545078749738,-0.05321245133915031
MDRX,1.0443388223648071,0.6146153846153843,0.4661538461538459,0.2673979786573045,2.2985042275626957,-0.07535496340188845
NATI,1.0126276016235352,-0.12752721617418342,0.29121306376360834,0.25203049703453834,-0.5059991454371775,-0.02098552780546541
SLB,1.0118935108184814,0.3468571428571441,-0.43928571428571306,0.583705449779997,0.5942331751887083,-0.04441079626448965
DGII,1.0319427251815796,-0.5751072961373397,-0.13991416309012958,0.2801910983877523,-2.0525537721980083,-0.10635979552478747
HLIT,1.0330184698104858,-0.45193929173693026,-0.37268128161888625,0.3089889997288407,-1.4626387735073885,-0.08039756769987436
HSC,1.0203441381454468,-0.09686888454011987,0.3874755381604671,0.23055805855768682,-0.4201496365127823,-0.017475859698453066
HELE,0.9915257096290588,-2.655462184873949,-1.4258086796362375,0.2818456749738229,-9.421688603802108,-0.0996086186855429
AIR,0.9992669820785522,-0.2863592389551757,-0.6455981941309255,0.32301373693297747,-0.8865234079067676,-0.05308977508561865
KMB,1.0010960102081299,-1.3401310325735907,-0.9252560671772633,0.1565562348635697,-8.56006171127861,-0.038988581991786564
FELE,1.0052757263183594,-2.1109693877551017,-1.483928571428571,0.2684066353035561,-7.864818187453549,-0.0611641364905942
RPM,1.0179448127746582,0.07560815253122982,1.0462415077799696,0.14040799195944267,0.5384889522472524,-0.06867464869236865
INN,1.0143860578536987,-0.3843575418994423,-0.8100558659217887,0.5542710283429261,-0.6934469279031062,-0.007910887834838
MTB,0.9856399893760681,-0.22753096768184972,-0.29514762037813363,0.27071795551996575,-0.8404723918691895,-0.03579520199237636
OHI,1.0239856243133545,-0.2303881090008254,0.030553261767134975,0.188362234789672,-1.2231119955428904,-0.039230005059459484
INGN,1.0117528438568115,-0.06923871856699909,-0.542886668963141,0.40849508472744306,-0.16949706652222507,-0.0624717741710842
OSUR,0.996829092502594,-0.8178438661710008,-0.10656753407682482,0.32439498164683345,-2.521135998365314,-0.04391726736717492
TCF,1.0023956298828125,0.035187580853815,-0.264165588615784,0.2739183118745898,0.1284601259410477,-0.05573331398743129
FDS,1.0177440643310547,-1.0337499999999993,0.20019736842105343,0.21476779473396773,-4.813338055638969,-0.08356698685575367
HAE,1.0009640455245972,-3.0836762688614514,-1.5108367626886123,0.2775979520301745,-11.108425855445134,-0.027903066755609628
VVI,1.0036836862564087,0.6296364985163213,0.03876112759643989,0.23071017957815107,2.7291231769429793,-0.038588121511661064
ASRT,0.9960550665855408,0.4664310954063609,-0.5053003533568899,37.60825813765485,0.012402358378255006,-0.026535881015343276
RRGB,0.9997981786727905,0.5500869565217393,-0.2118260869565216,0.2720841622241717,2.021752945202096,-0.016117729970528582
UHS,0.9941017627716064,-0.020358168609563118,-0.06673424564960362,0.2492311755848791,-0.0816838766403101,-0.02932444166008552
NNN,1.0060853958129883,-0.04568657478305219,-0.17304747320061223,0.19555011203422182,-0.2336310334186554,-0.028637913346629285
CW,1.0151675939559937,-0.5597315436241588,-0.47595078299776056,0.2229919664906458,-2.5100973464738203,-0.052175643281462715
NBTB,0.9964239597320557,-0.4958457959454963,-0.5626453971419071,0.28187981020224984,-1.759068148278581,-0.11534264446320623
FOXF,0.9985120296478271,-0.1961722488038275,-0.12624217887375772,0.3179187965107285,-0.6170514323002676,-0.04102266553790188
MIK,1.0011709928512573,-1.6349206349206347,-0.7989417989417985,0.440519126363937,-3.711349943064225,0.005181932123171418
SWN,0.9998595714569092,0.09026297085998512,-0.7128642501776837,1.6978014224465583,0.05316462199954946,-0.0366574307438408
BH,1.001209020614624,0.3906540340896058,-0.4127686907847949,0.5171603403983464,0.7553828155367899,-0.042523683895733286
PDP,1.0034931898117065,-1.714867617107942,-1.2116274763932595,0.16638936710416014,-10.306353380163982,-0.0337726062840932
CRUS,1.0761351585388184,-0.25304990757855883,0.012199630314232313,0.24109697441947184,-1.0495772835097175,-0.15429454025530204
MPW,0.9975847601890564,-0.5415194346289761,0.05300353356890378,0.20288518278234222,-2.6690930650318396,-0.08638785039668954
FRGI,1.0008516311645508,-0.08205521472392587,-0.283742331288343,0.3232895683836732,-0.2538133695707841,-0.005668014634610729
SPSC,0.9902059435844421,-0.16019417475728043,0.6821443647108496,0.2704307654402368,-0.5923666800160926,-0.06344830608784133
ORCL,1.0065968036651611,-2.17632450331126,-1.5126931567328936,0.24594315894156912,-8.848892206607053,-0.10410653576646785
PLD,1.0059312582015991,-0.9705291359678507,0.3572225943290907,0.21564350848367345,-4.5006183693735835,-0.03783057841161086
ORLY,0.9927358031272888,-0.9506413027813817,-0.2680861795647799,0.28599843722858526,-3.323938800718636,-0.08099429401032313
SBH,1.0172526836395264,-0.5264394829612228,-0.9682726204465342,0.28715464323598744,-1.833296083411259,-0.034724192503864604
NOV,0.9991744160652161,0.7551982256723015,-0.006376490158028436,0.26071727374895914,2.8966175294921546,-0.034036295759091575
BMI,0.9972025752067566,-1.574177529484789,-0.07945375543140605,0.2531603698920587,-6.218104079774291,-0.10434994670398363
SNA,1.0030739307403564,-1.7115343309228885,-1.571991121930263,0.2306485329146508,-7.4205298796076535,-0.05307990921858337
DG,1.0037604570388794,-0.3954010095344929,0.6770424378388479,0.2733959646328576,-1.4462576648519654,-0.09612562854526296
HWC,1.0179263353347778,0.05419222903885383,-0.20892978868439085,0.27042857716979624,0.2003938695605691,-0.06691139286417327
SAM,1.0060993432998657,-2.2296906155528418,2.8604875538689116,0.2623629751483802,-8.498495694531531,-0.024769844606077875
AHH,1.0030677318572998,-0.4561178731582313,-0.887251761691223,0.3244181492495641,-1.4059567076401738,-0.011299297851135393
RAIL,0.9892784357070923,0.4963917525773193,-0.3804123711340209,2.9300706991517282,0.16941289256402114,-0.04299674753135987
DTE,1.003161907196045,-0.10094398993077401,0.40062932662051604,0.20281230564639746,-0.49772122830158727,-0.03150400016192889
DRI,1.0046566724777222,-1.2014558689717898,-0.40090991810736776,0.32772584079854283,-3.66603947274251,-0.030146873457819502
WHR,0.9876227378845215,0.06783011793578383,0.4419524166609866,0.2519934145569047,0.26917416880967393,-0.05501102910443785
CUBI,0.9957658052444458,-0.08464773922187038,-0.41062039957938884,0.47589476555036,-0.17787070867692859,-0.02468599011606103
ROCK,1.02891206741333,-0.09533787323205906,0.6972236773179671,0.268107089811418,-0.355596240530448,-0.0927657267401512
HSY,0.999994695186615,-0.5036445678583819,0.23093833159782523,0.24270617387369753,-2.0751205443705056,-0.03648549517234625
UNP,1.0148389339447021,-0.4712413946258056,0.8588718632023089,0.24577832074404782,-1.9173432099604075,-0.08196909231541025
HP,1.0087252855300903,0.31076291736616246,-0.4215631412049996,0.3859663791228082,0.8051554075562816,-0.0343351229274377
FAST,0.9979007244110107,-1.1159268929503927,0.24751958224542983,0.24686008327101153,-4.520483334979844,-0.1084560063485132
ECOL,1.0278806686401367,-0.8819561551433391,-1.0705854011081668,0.4808030543118288,-1.8343397510696868,-0.0925180320786673
IEX,1.0107468366622925,-0.43055555555555614,0.7635473588342433,0.22845434890822014,-1.8846459147077304,-0.0765412236136556
MTDR,1.0264205932617188,0.10425160163075198,-0.3954571927781007,2.4906372298796424,0.04185740114051218,-0.013560507006799272
IOSP,0.9898449778556824,-0.2501694915254226,-0.08440677966101581,0.25337408755777596,-0.9873523130878257,-0.09696400095167043
AZZ,1.0137484073638916,0.18997265268915173,-0.17374658158614456,0.25657331710184034,0.7404224833703366,-0.04059201183493264
KEY,1.0217695236206055,-0.9675675675675711,-0.8027027027027064,0.2737847936390433,-3.5340442190146018,-0.04368732717187194
RGNX,1.0197315216064453,0.4943387135629971,0.18670199951818855,0.25253954616106417,1.9574705066269964,-0.11201308482783143
HON,0.9772064685821533,-0.15386887182516254,0.5675329789328608,0.23376610897859482,-0.6582171916692597,-0.07223335359466687
PGR,1.0008864402770996,-4.835264301230993,-2.3406951484431584,0.2267184160720749,-21.327179251116153,-0.07724307819765105
NTCT,0.9716689586639404,-0.2397400820793439,-0.4319425444596449,0.2914458313021151,-0.8225888183954448,-0.16120046866729912
PRLB,1.025909423828125,-1.506577079587394,-1.1259581716665086,0.2553832760404684,-5.899278536777529,-0.07966865473508596
UMBF,1.0081799030303955,-0.70844972067039,-0.7321927374301666,0.2937319354213347,-2.4118920518907383,-0.05105502939909066
TG,1.0045933723449707,-0.20175438596491221,-0.2719298245614035,0.2756842093527727,-0.7318314906950615,-0.07498209864061782
CYTK,0.9868250489234924,0.3148594377510037,0.637751004016064,0.2789610993573895,1.128685821655566,-0.045497154932730856
EQR,0.9928072094917297,-0.12102029417240619,-0.15565071681251044,0.2457007595200021,-0.4925515670345291,-0.04448050961688157
SLM,1.0142536163330078,-0.712499999999999,-0.40555555555555456,0.29384572311744744,-2.424741773330984,-0.06360163554884321
CNS,1.040909767150879,-0.550064599483207,0.3617571059431495,0.24237946803376748,-2.2694356238938123,-0.03622842313745829
COOP,0.986684262752533,-3.014625228519196,-1.8034734917733088,0.2163048943150025,-13.936925637638772,-0.06810143457240833
ALRM,1.0289679765701294,-0.07983377077865234,0.24606299212598456,0.23881529950625202,-0.3342908553609366,-0.1302082522007228
OXY,0.9993525743484497,0.25891524299220325,-0.5737269862332072,1.1916649258492136,0.21727184995896884,-0.009076152707408025
HMN,1.0113651752471924,0.2969121140142522,0.35688836104513116,0.24531937226175374,1.210308469142904,-0.1133284475427411
ODP,1.0171071290969849,-0.12330972311654868,-0.4021249195106247,0.29485987232722555,-0.4181977089710055,-0.03610462417360587
MCS,1.0224604606628418,-0.20084388185654,-0.8902953586497889,0.35817167845843795,-0.5607475238268206,-0.04786195822748098
ENTA,1.0234458446502686,-0.4497623521609373,-0.9553443130319443,0.3184125877721778,-1.412514358073959,-0.12619781950366557
UBSI,1.0020438432693481,0.1632841328413311,-0.090405904059038,0.2248295453102311,0.7262574522552082,-0.059799349020709956
ROL,0.9875637888908386,-4.0385038503850375,-1.7508250825082499,0.22866524704555985,-17.661205193171636,-0.09648178129638563
GDOT,1.0162789821624756,0.4214445271779598,0.17907669396872672,0.3385560094879221,1.2448295562407137,-0.008567889662072914
NDSN,1.0191856622695923,-0.7428275504919711,0.417296737441742,0.23081763721182696,-3.2182443211150096,-0.08594145563138515
HUBG,1.0313314199447632,-0.12977099236641193,0.1755725190839697,0.25160124488485985,-0.5157804063100757,-0.06304454521531766
HE,0.9930156469345093,-0.13015618742490903,0.2358830596716068,0.16738072731300346,-0.7776055788296058,-0.023937490183092082
GT,1.045296311378479,0.28956117021276695,-0.3856382978723394,0.49260196533872447,0.5878197622595274,-0.06270201528011024
GIS,1.009141445159912,-0.04185267857142871,0.11830357142857129,0.10282673372965932,-0.40702137481835227,-0.017296540288463592
KEYS,1.0172837972640991,-1.2813455657492347,-1.2119266055045865,0.24893661878556603,-5.14727632875201,-0.07054177799217434
CBT,0.9968733787536621,0.21344784248010093,0.07415165479681651,0.23734042451074291,0.8993320157329805,-0.05614203444906547
HFWA,1.0106065273284912,-1.1122828784119099,-0.8331265508684856,0.19699699102124582,-5.646192218881824,-0.025198104666059918
OGS,1.0055667161941528,-1.2170246261104234,-1.394917350725289,0.2916511207482737,-4.172878275148336,-0.05187333995145904
MNST,1.0002058744430542,-2.6892251073400137,-2.0380290329176045,0.22631974850086292,-11.882414698518978,-0.09132634263771804
DAR,1.0179948806762695,-1.79985443959243,0.4337700145560413,0.2523760605663995,-7.131636950192148,-0.07131215265237852
HES,1.0355212688446045,-0.8270782889426948,-1.0591202582727999,0.28306559879334564,-2.921860841360394,-0.01864411473351768
TVTY,1.0067933797836304,-0.0658730158730156,-0.4535714285714283,0.6914091495520901,-0.09527356689763537,-0.019617297626314478
DKS,0.9779942035675049,-0.8317530319735383,-0.47607497243660346,0.3571006373981793,-2.329183834004718,-0.041553557849208736
EHTH,0.985185444355011,-4.914441747572812,-0.9490291262135888,0.3073930503036725,-15.987484886594228,-0.0446748813200192
KFY,1.0020138025283813,0.10602409638554385,0.6342168674698813,0.2555868200208124,0.41482614923346867,-0.07047768606155266
EVR,0.9827860593795776,0.04898356401384176,-0.10315743944636592,0.3276545720255426,0.14949757513248876,-0.054477666056471155
AEP,0.9993078112602234,-0.369477172312227,0.31535346097201444,0.25158250615205086,-1.4686123364319377,-0.05571871257985941
CRL,0.9957208633422852,-0.9349701393497035,1.2540145985401439,0.24448445573343666,-3.824251877946317,-0.051116486020199935
CSL,1.0074589252471924,-1.2678248644306087,-0.9801164892548707,0.23297952452658327,-5.441786639674293,-0.07041388287991221
SXI,0.991408109664917,0.15733456732994078,-0.10816751503933275,0.28181381092279845,0.5582926073030983,-0.039801902055485484
MTX,0.9970636963844299,-0.9142075716136449,-1.0821937526990058,0.2831155026506177,-3.229097533450595,-0.04725228683722058
DNKN,1.0054806470870972,-1.5742723571105428,-1.2703966219273124,0.20889432614055983,-7.536214053500105,-0.025496184852948977
CMI,0.9997849464416504,-0.2605251829530778,0.6576840292724926,0.1939731144598,-1.3430994472832494,-0.09168898845648403
UFI,0.9902294278144836,0.3589830508474565,-0.18542372881356042,0.27589178404716286,1.3011734001327568,-0.060493841166893825
BANC,1.0014402866363525,-0.1380368098159509,-0.5731083844580777,0.27057581365107375,-0.5101594555045595,-0.01853979582624099
DLTR,0.9831551313400269,0.49711870918171186,0.7208349340504531,0.28834479640679456,1.7240425879160879,-0.04987137982759959
WM,1.0057905912399292,-0.3932215113263007,0.6104098218917524,0.1896434583399012,-2.073477854501974,-0.03709006109942985
PNM,0.994735598564148,-1.487632508833922,-0.8540636042402825,0.16752910095007298,-8.879845349312067,-0.046383121543451325
PRA,1.0102887153625488,0.06316048169083296,-0.5662324895551735,0.32738077893159223,0.1929266644109793,-0.03615742647522184
HQY,1.0227926969528198,0.05088097806544431,0.027148507731032223,0.21769526866727754,0.23372569534268348,-0.11084252173286621
LITE,0.9970721006393433,-0.2407837445573297,-0.04005805515239505,0.25417700333474663,-0.9473073539445699,-0.1602520235257987
BK,1.018803596496582,-0.24200913242009262,-0.22078968573730975,0.24710080636675938,-0.9793943446827572,-0.045376301304942857
NTGR,1.0157305002212524,-0.04751461988304213,0.17141812865496964,0.24379666221614912,-0.19489446422948326,-0.0443562250039744
CSCO,1.0030311346054077,-0.27912008654886217,0.1691309051568715,0.23664919714850172,-1.1794677091414867,-0.1121998310876379
OFIX,1.0209170579910278,-0.08569317901994575,-0.23122383649347436,0.22000407995476484,-0.3895072264051396,-0.07161155218080761
VAL,0.9925376772880554,0.793475344253497,-0.20393284464989253,225.6595126902283,0.0035162503667300754,-0.013865996802276914
MMS,0.9811440110206604,-0.4688147729413987,-0.1692104767288493,0.22439591272283582,-2.0892304456166078,-0.08347995662824821
NVR,1.0114736557006836,-1.194122404960905,0.4849812495404306,0.2040917914630063,-5.850908533929258,-0.07824697465785561
PSA,1.0005437135696411,0.07102413281292924,0.3518773019625087,0.21573197958518117,0.3292239422109561,-0.04084374642877786
SUPN,0.992847740650177,-0.3443862710878412,-0.7513089005235596,0.2638192618903857,-1.305387136972552,-0.0940256176714223
MTRX,0.9843802452087402,-0.5282921810699588,-1.1152263374485596,0.48386138981412546,-1.0918254526646956,-0.055378563289596006
ACAD,1.0390701293945312,-0.06675023503603927,0.2685678470698836,0.41819760770542064,-0.15961410058351383,-0.08080613271399129
CIEN,1.0083789825439453,-0.3696515218350237,0.4746360829289815,0.27555545600650666,-1.3414777811263783,-0.198818639441055
ECHO,1.002487063407898,0.08599717114568477,-0.12107496463932221,0.2628857193583157,0.3271275873139273,-0.08200704391626915
ATGE,1.0026061534881592,0.08667529107373736,0.23372143165157264,0.23615721797893788,0.3670236793048828,-0.03489131735013631
AMN,1.006347894668579,-0.1364285714285715,0.45857142857142835,0.25977513016646364,-0.5251794938515872,-0.08700567100348455
ADSK,1.0087916851043701,-0.5559522174927949,2.0135932994645036,0.2527437425902944,-2.1996675825681833,-0.04143716641194826
CTAS,0.9889644980430603,-3.597080565172636,-1.337045007953585,0.2831420276128136,-12.70415626471778,-0.045377631605945545
CATY,1.0049517154693604,0.14793328498912367,-0.005076142131978557,0.2537221880000553,0.5830522198192072,-0.05746443728565036
KODK,1.0364547967910767,-0.9421487603305768,1.7644628099173574,0.6303337364187361,-1.4946824289208456,-0.01620599259266615
WDC,0.9945564270019531,-0.29763749031758224,-0.5629357087529038,0.29380352954813266,-1.0130494030280754,-0.08130095950411946
ACLS,1.0341728925704956,-1.265925925925929,-0.5155555555555588,0.33114189538663263,-3.8229107919599716,-0.13592727143982403
RGS,0.9969667196273804,-0.745411013567436,-1.1683958499600937,0.35474781426707613,-2.1012420186361465,-0.013742214201144609
CMCSA,1.0099624395370483,-2.0685430463576164,-1.5599337748344375,0.22362799344839548,-9.249928926764536,-0.07274658825809902
KBR,1.0277255773544312,-1.9052383755150102,-1.4384932313125374,0.26118381731336726,-7.294626422048386,-0.06387023767003788
ANIK,1.0091798305511475,0.11709455228553553,-0.07827175954915452,0.2660935637063309,0.4400502988894525,-0.06492732096627471
ISRG,0.9944347143173218,-0.27292232244504644,2.0228128557667056,0.2752654817511193,-0.9914876380782818,-0.11460625236723727
ADC,1.0180366039276123,-0.7114695340501797,-0.03789042498719965,0.18470586993573027,-3.8519053775202163,-0.038234476597425224
CSGS,0.9913943409919739,-1.37078947368421,-1.250263157894736,0.2586276693197702,-5.300242919713767,-0.10136489049824053
RF,0.999691367149353,-0.45214521452145306,-0.08030803080308113,0.2621565011222863,-1.7247148646451937,-0.04171505388429122
EXPR,1.0548150539398193,0.18955732122587926,-0.7253121452894442,4.587112401399614,0.04132388845843615,-0.04436602060666019
WEX,1.0018259286880493,-0.16307692307692367,0.08291060291060243,0.22352714333086532,-0.7295620593270888,-0.03413103837409333
LL,0.9767094850540161,0.07184750733137703,0.417888563049852,0.3105953984379694,0.23132186654913972,-0.048490537558999944
V,1.0105104446411133,-0.24569032458456272,0.3093648082000311,0.2111763230316165,-1.163436889804333,-0.04624675225547392
HT,1.0045959949493408,0.04127443881245412,-0.5916002896451853,0.490720492897498,0.08410987395357171,-0.021944200877589238
MHK,0.9971888065338135,0.016279996017126833,-0.4590759733147462,0.4213418861703609,0.038638446704727825,-0.03700503794061447
CTRE,1.034122109413147,0.35317815577439543,0.15756490599820916,0.26577026002878756,1.328885164213827,-0.022852693360174703
TXN,1.00615656375885,-3.3561342955757776,-1.9538751176655176,0.27480583818990556,-12.212747430916057,-0.13176921825670887
LHCG,1.0130919218063354,-0.810462149135241,1.3773745392685013,0.20893045885308212,-3.8791000278099235,-0.0960960442441523
QCOM,1.0189731121063232,-1.3808467053601936,-0.1782178217821806,0.2572446357918781,-5.3678347871967835,-0.09050006504026187
LOCO,0.9736549854278564,-1.0149114631873255,-0.40074557315936665,0.2431258304764971,-4.1744287753414735,-0.07216482212102744
HR,1.0138249397277832,0.15401459854014724,0.26423357664233715,0.15146384339712704,1.0168406860946229,-0.046377229935587835
BCPC,1.009564757347107,0.5474293059125958,0.9011568123393309,0.2228206114564853,2.456816279645753,-0.0721926326807008
OGE,1.0037847757339478,0.17369242779078814,0.4055425448868068,0.2533764948756409,0.6855112105307423,-0.03975428964484382
SYKE,0.9937013387680054,-0.0810135617416135,0.1962883654532473,0.20541745360712108,-0.39438499640405705,-0.12483494451178316
VICR,0.9917658567428589,-9.464195450716092,-3.2274641954507173,0.29223551305218604,-32.385507663428534,-0.07937715127261655
SRDX,1.0140730142593384,-0.24871707150188258,0.1768730756072519,0.2574213833226792,-0.9661865234151725,-0.03784419167216759
ACC,1.001495361328125,0.15140009492168882,0.01566207878500162,0.2376943150101146,0.6369529487970758,-0.05481885848327979
LGIH,0.9968996047973633,-2.7331015299026418,-1.9681502086230873,0.3205779068639915,-8.525545493094862,-0.05683623987486617
SHOO,0.9915990233421326,0.1712880143112718,0.18067978533094983,0.26718997437278175,0.6410720112132077,-0.0536199926147924
KMT,0.9975607991218567,-0.4184762605815197,-0.17592933382406678,0.2585701237750564,-1.618424643613241,-0.042496613189896545
AVA,1.0137505531311035,-0.41353383458646653,-0.430017351069983,0.1509204155743508,-2.7400788206068225,-0.051237664935843655
EOG,1.029257893562317,-0.141129032258065,-0.7333260680034879,0.3548381713057321,-0.3977278760595743,-0.03244344740212468
UVV,1.0058201551437378,0.044454422990571,-0.0047148630444536445,0.18335429790288077,0.24245094592695368,-0.0431617836111462
EBAY,0.9954406023025513,-0.6670926517571882,0.11661341853035162,0.25122180981955744,-2.655393064681744,-0.12402935987932925
ECL,1.0072115659713745,-0.15910271955655927,0.6123332755932763,0.2524953673809972,-0.6301213410124578,-0.05029067962063061
MAN,1.0049521923065186,-0.04979375368296946,0.01414260459634703,0.25308076683006236,-0.19675044566594713,-0.06396695850336846
IART,1.0252244472503662,-0.5989265674554788,-0.41668699682849675,0.23356215437330824,-2.5643134214362835,-0.07365212720741816
MANH,0.9875744581222534,-1.9627955493741307,-1.1903685674547986,0.28328169969995814,-6.9287763761661125,-0.09577214916127459
GTY,0.9953872561454773,-0.23684210526315788,0.14822771213748645,0.24617273404815443,-0.9620972285282371,-0.024923930612209877
SLGN,0.9978102445602417,0.003505696757231826,0.7427695004382133,0.23722812025611248,0.014777745370023108,-0.11725382366843493
ANF,0.9985386729240417,-2.484803558191254,-2.3254262416604905,0.46430193572549794,-5.3516976055106005,-0.031181780307235264
DCI,1.0219398736953735,-0.059735784032166804,0.4040781160252714,0.14898293765660786,-0.4009572165220465,-0.058052184112602136
CUZ,1.0165951251983643,-0.33413751507840794,-0.21873743466023354,0.21134915933097942,-1.5809739484084755,-0.04878603210988501
AEO,0.9917446970939636,-0.4573289902280136,-0.48013029315960964,0.3308111105495514,-1.3824474919540726,-0.05164923786098754
AXP,1.007947325706482,-1.6672396012375357,-0.8640426263320704,0.2804728236030133,-5.944389118437158,-0.04512044877670744
VIAV,1.0293567180633545,-2.425474254742547,-1.7588075880758798,0.26251405705716213,-9.239407142644792,-0.19184754505207505
TXT,0.9951897263526917,0.24905374716124176,0.16426949280847872,0.24661663300138184,1.0098821966272569,-0.09006373344292573
AYI,0.9959251284599304,-0.0063311763884366205,-0.5675247893487272,0.27829335046847814,-0.02275000956905272,-0.04311947865411425
AJRD,0.9972236752510071,-3.2148997134670476,-1.9409742120343827,0.2642336366242934,-12.16688288940873,-0.05883942938495581
OSIS,1.0072487592697144,-0.758933889219775,-0.5541989279332948,0.2797242260869112,-2.7131503751579125,-0.13116325636328668
MXIM,0.9958122968673706,-2.7903818953323913,-1.7227722772277234,0.24229938074635005,-11.516256812483824,-0.10689074927785933
MTH,1.042845606803894,-4.7749066896353725,-2.5707723227103076,0.2646040027123812,-18.04548169674154,-0.10600921436137192
FFIV,0.9769529104232788,-0.36249399711861735,-0.30038418440851655,0.2569935964632347,-1.4105176236538004,-0.21969679042915685
DDR,0.9860841631889343,0.48247719635141717,-0.16706673067690736,0.29891815564342783,1.6140779242781915,-0.024269048515617488
FFBC,1.0066885948181152,-0.2475832438238449,-0.5204081632653058,0.3583972705185505,-0.6908067223741576,-0.050383595684603044
FNB,0.996899425983429,-0.2723845428840717,-0.5655042412818096,0.3387457659916166,-0.8040972615740474,-0.03143094421186783
EXEL,0.9860420227050781,0.3736263736263759,1.5009157509157534,0.28174912069604807,1.3260959699563206,-0.11543425970802859
CF,1.0489001274108887,0.5295378022650745,0.42577288031833443,0.262088129469067,2.020457023886416,-0.10525933994430278
GL,1.0012626647949219,-0.09658270495748361,0.23888978020215054,0.24345383047761684,-0.3967187730352493,-0.020400513092403604
JEF,1.0019842386245728,-0.6428999400838823,-0.420011983223487,0.26157650938085336,-2.457789276872894,-0.02992782820416635
UNM,1.0049364566802979,0.15654060756354546,-0.26534407935523946,0.3099595157294389,0.5050356564942012,-0.02880683513480644
SFBS,0.9958670139312744,-0.09817813765182222,0.17071524966261767,0.24323575183241058,-0.4036336635212392,-0.02977048953374737
TJX,1.0102225542068481,-0.48947823580282435,0.14355722110118263,0.21462203576370786,-2.2806522817333597,-0.0689420482272872
OSK,1.0208802223205566,-0.4825570431831042,0.026965868376390315,0.25652258358392444,-1.8811483817646606,-0.09485035528691803
AFG,1.0001497268676758,-0.3516154452324663,-0.22994483845547659,0.23930043658853986,-1.4693472778326326,-0.025103835986515756
EHC,0.9957382082939148,-2.5557324840764317,-1.7494692144373662,0.26357680918900256,-9.69634806252686,-0.09704310289249829
KO,1.001697301864624,-0.10703531344100749,0.26252395291541186,0.13568155502294632,-0.7888715112678258,-0.05878619040965356
CLB,1.0094059705734253,0.529919503442926,-0.32605954805547366,0.795070753917324,0.666506094917157,-0.037761772384079385
NR,0.9784174561500549,0.582677165354331,-0.3097112860892386,0.5852507643167301,0.9956025703529598,-0.04722964535184047
KRC,0.9877736568450928,-0.06986231514533388,-0.20261771205167411,0.2514185636441048,-0.2778725409331354,-0.07167581225375948
LQDT,0.9776985049247742,-1.020833333333334,0.05624999999999954,0.23502822064074635,-4.34345003385525,-0.08290368263255807
GLW,0.9729401469230652,-0.4447539461467049,0.18848653667595067,0.2495664527749987,-1.7821062928256246,-0.13155653042989765
LIN,1.0175641775131226,-2.2170981661272933,-1.1218087019057903,0.17542966932267365,-12.638102627814343,-0.09509123069638963
AIN,1.0139998197555542,-0.9684418145956607,-0.5786489151873768,0.29639872066941625,-3.2673616541991124,-0.04672128774123492
BRO,0.9999343156814575,-0.63134898962316,0.9601310759147977,0.17099146773225507,-3.6922835836611556,-0.08402707855887068
CIR,1.0252059698104858,-0.25533925533925544,-0.6951426951426952,0.8787746528817649,-0.290562835958986,-0.02563085640059466
DAL,1.050272822380066,0.3805361305361312,-0.008158508158507433,0.25677361057028386,1.4819908071658014,-0.07521896160192068
LAMR,1.010270118713379,-0.5672260984348484,-0.33019045823119025,0.26015722504553895,-2.1803203740258486,-0.04173708609680578
ABG,0.9944118857383728,-0.6906300484652679,0.1594507269789971,0.24580024764865252,-2.809720717496933,-0.0797858212725723
