,Unnamed: 0,NetProfit,GrossProfit,Var,Sharpe,L1_MSE,L2_MSE,OLS_MSE
0,AME,11.709999999999988,64.94999999999999,0.8926401991817656,13.118387465334749,87.84657365261748,611.1572185107707,611.1578852878076
1,BAC,8.140000000000008,19.770000000000007,0.19425694534990656,41.90326366626316,29.094484175874467,108.20613694902072,192.67321347889924
2,TGI,2.8600000000000065,-31.029999999999994,0.003956911038752653,722.7860247526747,622.1347015039386,1644.9158721489555,1567.931979268433
3,NSP,-29.980000000000004,20.11,0.05135020275666335,-583.834111465309,2063.2996059632314,2070.5465818380976,2069.0480221053517
4,MOS,3.7100000000000013,-24.300000000000004,0.019207807196009157,193.15062683317834,738.4673696311731,2858.4600039165307,2858.4606139413927
5,MEI,9.04,4.550000000000002,0.03454100492439637,261.7179210560557,185.45525686334926,360.7124006626475,464.79997280656715
6,PSB,-26.350000000000023,34.29999999999997,2.1629312635469766,-12.182541555568822,555.7935142019792,504.5039404751422,556.8517228802814
7,SPXC,4.3400000000000105,27.22000000000001,0.23401355060461804,18.545934578518228,62.65181705932683,108.02223587906401,115.60081128260212
8,C,3.7499999999999933,11.889999999999993,0.058973944862283814,63.587403026150064,288.95542720207965,3263.5592464603583,3214.869558995368
9,JNPR,6.470000000000002,10.430000000000003,0.11310751396166036,57.20221206694645,14.134884968207324,79.28587068135037,83.52401691995041
10,IRBT,53.22999999999999,29.199999999999992,2.6069214843966106,20.418720056818444,919.8145757306787,730.8353872577554,713.741689357465
11,JBT,0.0,-16.35000000000001,0.028048623728414962,0.0,8538.39282391467,7066.694927086363,7029.744833924181
12,SKX,21.58000000000001,21.37000000000001,0.1985984791088007,108.66145650681227,97.28834021550924,91.89234883128898,97.36978547476265
13,APD,8.330000000000013,178.73,0.3834619162123579,21.723148108890506,1607.3286895057377,7732.920444619934,8145.333821761967
14,GPRE,0.0,-2.6700000000000017,0.0005358183250518335,0.0,305.56509896243176,385.95318450516805,394.0173313329005
15,CLGX,4.730000000000012,37.940000000000026,0.01913976687997792,247.12944675141563,359.475096721174,397.40157847584265,367.7442297542375
16,NUE,-2.9399999999999977,2.9600000000000013,0.04920337954986388,-59.75199319429942,1009.1297052779609,5308.577916639802,5958.357187774199
17,RYN,-7.300000000000003,-0.4600000000000044,0.13372914296668909,-54.58795172132658,72.04787133922198,72.67498336753425,72.082697529614
18,UFS,12.829999999999995,0.23999999999999844,0.26244116174561266,48.88714832178752,384.88218687304914,113.34403371431652,107.44488362533951
19,WBS,10.290000000000015,11.420000000000016,0.17413440025826935,59.0922872490346,149.03306617182702,295.6851333138232,315.88954845282984
20,WWE,-22.79,4.990000000000002,0.026722532951203797,-852.8383159491382,1480.1633604985468,1251.0876613470325,1244.2009444323544
21,CBRE,5.530000000000001,17.430000000000007,0.550661044946934,10.04247540432593,44.758912897338064,42.19283634975658,44.76558979461566
22,WELL,6.650000000000013,4.010000000000012,0.14894844051618186,44.64632175371821,285.45675922380286,1145.6412842868879,1808.7628432141018
23,LB,9.88000000000001,-36.76999999999999,0.4710165796768062,20.97590706208111,2813.3094554030463,2820.065729014505,2820.0759156324957
24,COF,48.68999999999998,38.45999999999998,1.3015513060775057,37.40920528652642,167.14440884459412,498.765318039817,587.5582786787713
25,KSU,-59.45000000000002,16.35999999999998,1.962829502417042,-30.28790831133976,779.8855560750752,719.536597977234,780.4053261105217
26,FCFS,9.389999999999972,24.449999999999967,0.7896705447495119,11.891034890985498,276.764906118854,306.82866697514646,306.8286676698272
27,HPQ,14.96,18.93,0.0534982949577186,279.63508018009475,6.493557201616357,134.7504012686989,175.78366956126897
28,KR,5.219999999999999,8.170000000000002,0.015766103158565727,331.09005741624696,346.74968352146243,348.7161079817704,348.71616519706185
29,RRD,9.9935,-1.5782999999999985,0.01122351752128682,890.4071278051703,94.1589279625671,93.30354186287323,94.13786150414623
30,PRFT,-11.239999999999998,10.38,0.1914947358477132,-58.69613047190313,105.2006595039394,127.15740077236777,128.29989021339574
31,MDLZ,11.259999999999998,28.51,0.062172161398748114,181.10999757243005,78.3626204540075,75.42101342475101,78.20504897659686
32,OXM,9.940000000000012,8.580000000000013,0.2409386385020428,41.255317377896354,2569.9090970141933,5725.487062441973,5869.6953409338685
33,NAV,0.0,5.6099999999999985,0.0005744797145885315,0.0,707.3412577692677,1550.2949393676113,1812.007913730057
34,CE,17.93999999999997,30.84999999999998,3.3484423017814025,5.357715135320003,298.37325120506733,400.0089743153457,400.0089571912542
35,CHCO,-17.810000000000006,10.369999999999996,0.11815274755649112,-150.73707864038195,484.8768462762111,962.3342366394023,1063.7598282592849
36,MKTX,-112.13999999999996,181.65,39.138848010011934,-2.8651839719787846,7461.362736346143,8950.186896129682,9479.570903039019
37,ATNI,13.670000000000002,13.020000000000005,0.2503650864724366,54.60026472782566,359.99248948318353,1535.4740560745404,1482.1429122934244
38,STMP,-144.64,45.59999999999998,1.5463566415855248,-93.53599041143342,5873.378778374139,7648.538726673039,7966.316323333728
39,SNV,-12.43,-14.61,0.11724452825059055,-106.01774074635668,132.21075638614323,137.9819703646774,131.9423883369633
40,UBA,9.190000000000012,3.770000000000012,0.07903819590906719,116.2728968481648,50.771466041428916,18.16725070134707,14.954838003362688
41,GOOG,406.83999999999963,930.8899999999996,537.4356958429616,0.7570021923494973,12539.064147132493,9144.730131433053,9608.366281845983
42,CFR,15.320000000000027,33.87000000000003,0.7218260036736985,21.223951370592953,854.4417674836077,854.9338747447915,854.9340162013899
43,PATK,-43.86,0.5199999999999996,0.00022957804185287252,-191046.1455547571,598.9203294293352,595.3323978498751,598.9724309325007
44,GGG,-8.420000000000012,28.299999999999986,0.2864996770909156,-29.38921287973415,60.15559415565121,57.897049352087755,60.68135936098259
45,CDR,0.6729999999999999,-4.2806,0.0029002981919497217,232.04510552329683,4.1628163853265985,11.067773059455346,12.308268734703743
46,CMG,-703.2600000000001,181.39999999999984,58.88399326242112,-11.943143816110892,64429.95919454033,84618.55172312327,87854.79643504895
47,KLIC,1.2900000000000011,9.69,0.018924077135284087,68.16712861494238,91.89163891723919,53.15672871189701,52.20414193917402
48,XOM,0.0,-28.16,0.0009680004436368332,0.0,1100.5365403764226,1880.8410164450422,2011.5824733753159
49,WMT,-45.99,11.790000000000004,1.3172589253135265,-34.91340928971403,271.71288913568173,268.3362499306216,270.7096760640668
50,TRMB,-23.70000000000001,0.2599999999999909,0.24966587120385025,-94.92687120479172,60.303513037703006,414.42391485179513,472.58557000248675
51,CMC,0.0,9.64,0.00025517090055309324,0.0,120.73599834629073,317.40177255429836,317.40187760942763
52,F,4.4300000000000015,-1.0099999999999998,0.01906164073605468,232.40391849484143,15.902665334943125,14.48141042178056,15.959965440579325
53,DVN,0.0,-45.89,7.619268924027261e-05,0.0,2530.554663940181,4755.526882888833,5381.26725258043
54,MU,-3.3099999999999987,11.270000000000005,0.10784293293223364,-30.692785424149555,251.55074056072743,243.4617034688417,219.6617234832513
55,KOP,1.3500000000000014,-14.91,0.2908390269416721,4.6417429400585375,336.5626266553105,420.42600464431837,428.7347090671932
56,POWI,-72.74000000000002,0.8399999999999963,0.0026204505544330987,-27758.585208541124,1628.6664012623544,1462.271944031045,1455.8626045494036
57,AVGO,-100.53,-7.129999999999996,11.620054987297038,-8.651422055222515,5317.820284546951,5319.840893084145,5319.841061937658
58,VMC,3.5799999999999983,58.75000000000002,2.2182968227853586,1.6138507539783808,1445.4822273943262,997.564478570049,1339.357672280512
59,DDD,0.0,-25.45,1.8424706660820763e-05,0.0,1582.1324161664108,1540.6242680182156,1583.1214474348606
60,FLIR,3.5700000000000003,12.15,0.19861570456789227,17.974409464583285,122.40364835226248,100.96323332787114,123.1057004583808
61,CBU,4.099999999999984,34.36999999999998,0.4732908037063585,8.662750190565136,41.39973353618241,41.47158226578532,41.47158118096171
62,ALE,0.2600000000000122,12.030000000000006,0.2635854403309701,0.986397426479794,397.49267539125617,392.17243034004485,397.62400178367994
63,SGMS,15.81999999999999,23.539999999999992,0.08943704853247775,176.88419127846316,137.67678773764104,314.48256994740296,300.8704140086511
64,DXC,2.41,2.3099999999999987,0.042225641853834726,57.07432484608013,1486.877738667903,1477.4028559687806,1486.9976160426736
65,AKAM,-13.290000000000019,40.46999999999999,1.3877140475740275,-9.57690096402304,228.3568651715059,228.3123705275009,228.31237037051034
66,CNP,0.0,3.2899999999999987,0.00021883104850750883,0.0,46.89817464417421,43.40003196398511,47.07055563158611
67,ETR,-14.750000000000027,22.12999999999998,1.0919338201608442,-13.508144658279129,171.1418244564661,623.8508604761789,766.0640318521198
68,CHS,10.5002,-1.9027,0.001318934883410725,7961.12084991399,55.14898237090681,45.771484324502104,55.30136468727432
69,MRK,-11.450000000000005,22.370000000000005,0.8080190885867675,-14.170457309401135,125.8762885248906,264.4023032469913,282.5355478823926
70,CCRN,10.790000000000004,4.390000000000003,0.015653225007657475,689.3148213688612,17.07257738925804,11.528758597560554,10.527498392612497
71,MATW,9.32000000000001,-13.239999999999993,0.2762943339050215,33.73214306741388,2138.8367800372575,1774.0832031437533,1841.16999501656
72,TGNA,2.129999999999999,-0.9800000000000004,0.002528021441346477,842.5561449611425,286.067215476082,279.6700082016077,286.17803642461575
73,SWM,2.769999999999996,9.969999999999997,0.047182664728752884,58.708002524324826,134.8939368152677,167.21742477831518,147.89348129516344
74,FCX,0.0,3.61,0.00011856975774837,0.0,761.6591200328962,2191.741522999386,2509.2248388377398
75,TFX,-165.96999999999997,105.40000000000003,4.3882374690701695,-37.82156302383691,8073.276786000357,2898.6386351993506,2355.663503611589
76,BIG,3.5899999999999963,13.04999999999999,0.23937157739933365,14.99760347073683,561.744364319269,157.11929432447985,133.3380637129765
77,MYL,13.009999999999994,-24.56,0.1243255088140555,104.64465518060409,1773.7962076886126,3075.891216579575,3343.4186512893743
78,ZBH,87.0,100.21,3.8465540401331912,22.617646624038468,270.6424510917721,270.64504033409753,270.64504115733246
79,LZB,0.0,6.720000000000002,0.0005321351414267723,0.0,338.55864737870064,261.9586292782459,262.92156927173227
80,ROST,-21.62999999999997,27.420000000000034,0.6189422150850081,-34.946719536700556,506.4226289753799,626.5398021106902,626.5399110650939
81,PWR,2.759999999999984,33.80999999999999,0.14363765362128425,19.21501730512121,32.290277509755924,61.09910805322952,61.818054209091
82,MCRI,-21.520000000000003,4.219999999999999,0.004924675872616496,-4369.830737421986,171.77972297469015,218.08258926935247,250.84318515745633
83,ENS,39.769999999999975,43.33999999999999,1.20790431898493,32.9247932761934,170.08824346329698,112.15005982721102,120.29480119294998
84,GWW,18.44999999999999,158.11,0.4546736983564564,40.57855131425593,8053.996520620779,15224.258521596455,16249.784374766286
85,PLT,29.309999999999985,-3.0400000000000094,0.19453096622879704,150.67009930710518,526.7053703074045,348.6379838453746,358.6310124256453
86,ADBE,-365.1,9.48999999999998,0.166412714927428,-2193.9429337428865,12423.09502913396,13318.170732981618,13318.167589977571
0,EIX,34.32,33.55,0.6529150356324553,52.564266599796476,119.66184577440892,162.73370343924228,188.89665407083126
1,DGX,-10.050000000000033,48.71999999999997,1.849016540041431,-5.43532184940587,162.35470144294624,609.8377047054342,609.8380565473695
2,SNX,15.310000000000016,41.300000000000026,1.6223906065236324,9.436691718035416,2505.7141221368993,3789.0985363470586,1223.1201400137245
3,WY,7.299999999999998,7.549999999999998,0.09985504084576692,73.10597380131622,13.875002229931805,29.94653971086771,46.107958872005824
4,DECK,-106.74999999999996,33.45000000000002,2.052875019719898,-52.0002430613459,1634.4301258325825,2388.389032353454,2595.149104360852
5,LANC,48.140000000000036,137.96000000000004,2.273054369226668,21.178551930712548,684.9362289918431,390.902925367396,481.5302312527812
6,TIF,1.9399999999999835,49.009999999999984,0.4272028024775211,4.541168711321982,681.7718803812883,971.6358487964646,932.5227109954852
7,VRTX,-39.08999999999999,119.58000000000004,5.568462934180705,-7.019890490795079,1630.0001814438474,2691.8383571936233,2819.0527778230608
8,ETH,5.98,-2.8699999999999988,0.08598359549734519,69.54815003269593,53.83852856636937,53.4564862874343,53.816288174822596
9,MCY,2.199999999999996,6.629999999999996,0.2564733316610916,8.577889895028598,169.64540274310832,742.8039816800156,780.7578077467928
10,CMA,-5.9399999999999915,-3.1699999999999875,0.5598412579066716,-10.610150495536038,261.3045316567711,364.73399370015466,364.28470505604696
11,ZBRA,-79.41999999999993,118.34000000000007,6.6999049833980795,-11.853899450335105,4291.639232158107,1616.0886683408253,1660.0462341128482
12,ZEUS,3.73,0.4600000000000009,0.0194269684021924,192.00113588381902,205.60470548770093,825.8415225738513,898.6267689391603
13,UNF,-5.489999999999981,73.56000000000002,0.4442844567275541,-12.356948159828555,2057.5692997387728,1566.1492681146176,1761.8394279475433
14,NFLX,-346.66,9.519999999999982,0.4136919348155388,-837.9665418291811,25182.155827281436,23149.36852943791,22816.69545940743
15,WAB,51.24999999999999,24.969999999999985,1.0108706617477186,50.69886973610712,1213.942557522337,677.8417629828041,676.6699532514804
16,MGPI,-22.840000000000003,0.39000000000000057,0.003324203909457447,-6870.81798292205,1657.246205561514,1436.9754091742673,1436.6177092609641
17,TPX,22.359999999999985,67.81999999999998,1.4861898144576402,15.045184526553824,349.73916547990297,3574.696594643261,4000.084867388859
18,CNX,-3.4400000000000013,-3.370000000000001,0.018503144051724152,-185.91435003606625,326.4569158884853,310.5324693549416,326.46644713002115
19,ESS,44.13999999999999,70.67999999999998,9.9210254002177,4.449136880451029,1280.4312656475074,2381.192255180188,3927.737076005797
20,ARW,15.75,31.47999999999999,0.13296142395282254,118.45541008637531,1176.7569051432733,1229.749030810049,1237.349458958726
21,MKC,-64.39000000000007,70.32999999999997,2.5286248562480518,-25.46443369837837,218.41058110934623,192.21803408153525,219.04103130019982
22,WOR,5.819999999999979,23.229999999999986,0.2431347047350777,23.93734784321109,115.94237316437685,101.18218819154043,116.13582294865608
23,NP,0.0,-24.6,0.003772911944127422,0.0,2268.353143061495,2869.6952837796284,2886.0695044194927
24,X,22.660000000000004,7.310000000000002,0.11406238781972022,198.66320908356715,672.7576372831802,1175.0177079207836,1229.991575644572
25,RHI,24.179999999999996,26.489999999999995,0.2545045338382643,95.00813064244349,103.10283215107552,129.74230702368038,137.4082466069018
26,MDC,-11.950000000000005,11.699999999999992,0.017872520383246836,-668.6242199618123,229.07842366378878,137.2020780858907,201.46606951281174
27,SPOK,4.879999999999999,-0.10000000000000142,0.028340131273321745,172.193980082013,82.4134587535564,15.910584806371752,13.760191786432346
28,FSLR,-7.63000000000001,5.399999999999992,0.9685154543498612,-7.878036396560991,547.8140886914587,449.2393213841375,449.23932115409036
29,IIVI,-19.74,9.71,0.08801847406039094,-224.2711000244796,133.94402432412477,128.3099805284865,134.14197589083275
30,PDCE,23.6,-5.889999999999998,0.2417759309472709,97.6110397239953,2514.11315710195,1907.0852566673113,1708.9836018310086
31,MMSI,-11.369999999999996,17.790000000000013,0.1931063204182748,-58.87948139331841,172.7629237716501,290.11109353491696,304.23472337252576
32,SAFM,9.71000000000005,57.170000000000066,1.9381284706302595,5.0099878037715735,499.2259201860535,1819.5006800078104,2103.9910375961495
33,BLKB,0.0,-17.86,0.006174710307875481,0.0,3539.8283350124034,3231.4239725176744,3215.147696549712
34,NYCB,0.7699999999999996,-1.5300000000000011,0.02340603407738675,32.8974997410569,7.513711568455168,49.93712455864354,51.991212377790745
35,MDP,5.3300000000000045,-22.96999999999999,0.3233511125254979,16.48362969395909,1487.4687535270639,938.6461711457048,858.7407306705768
36,ALL,-0.3299999999999912,32.86000000000001,0.4128098357738799,-0.7993995573805841,726.8404932343097,347.13236579837013,403.07397966552656
37,IBM,7.7299999999999764,9.249999999999973,2.3866485843023844,3.238851354506993,387.16397107812287,387.17775847833013,387.1777670268097
38,WU,-1.7100000000000009,4.370000000000001,0.05615085775876076,-30.45367547805988,15.494487936224694,15.693603099305284,15.487203390383565
39,DCOM,6.6800000000000015,5.270000000000001,0.05593348758000642,119.4275610017171,11.729226342738588,10.330975865802275,11.767449207727989
40,EPAY,-15.920000000000002,5.6400000000000015,0.19014897970124728,-83.72382552361167,203.2882036843852,196.91083830610896,205.53996413063808
41,HNI,1.000000000000007,-10.649999999999991,0.19596480653737944,5.102957095560225,328.2299100080684,1684.2445883977741,1951.2796276789304
42,MAR,-16.53,4.5700000000000065,1.2003264189342908,-13.771254001620786,883.8468608591913,1708.4262664999114,1905.13408242628
43,IPG,-0.4400000000000013,1.1699999999999982,0.05088250460282788,-8.647373069279839,11.454564490477734,13.954807840482562,13.962555525803955
44,UNFI,17.79,-11.150000000000002,0.04621950826216563,384.90240742267997,1191.397662465425,1263.5500105072929,1273.2833837761234
45,EXPE,-4.479999999999991,-57.05,1.7484899345605354,-2.5622109178031907,3164.831371733935,8769.433811899376,9163.508703905134
46,GILD,0.0,-17.510000000000005,0.002433824203561669,0.0,4001.925762979176,3474.093611482882,4004.230237819501
47,LOW,-84.73,4.969999999999999,0.2670930960570556,-317.2302139247368,1094.795906293382,3439.1876620008443,4037.3496729431677
48,CENX,-5.75,-0.41000000000000014,0.01800951571518933,-319.27565909784107,240.0236026680077,225.7029583661097,240.11826057527944
49,CLH,26.480000000000004,40.15,0.6467593050326154,40.942588369354254,163.7765544891933,174.20571327283764,131.58022100428693
50,NYMT,3.354000000000001,1.8676000000000013,0.005677725339468703,590.7295262566987,4.609458230252188,4.324259166186684,4.61556259659511
51,OLN,3.8400000000000034,-6.369999999999997,0.02456274689490117,156.33430643692077,99.21765600894356,192.30128207143161,242.88700839514215
52,SKYW,-3.4099999999999984,15.870000000000005,0.016139734963251936,-211.2798015434654,583.22771444225,583.0222002538758,583.0221605840172
53,ARCB,10.820000000000006,6.640000000000003,0.0452312881147189,239.21494281917262,1141.7083862107474,1144.8969033120893,1144.8975916784955
54,WWD,-17.18,21.030000000000012,0.2259916933624441,-76.02049325081529,588.5314154569638,720.6593452006442,661.8285919305969
55,FMBI,5.240000000000006,4.090000000000007,0.06486793721563512,80.77950717904145,15.18509530115912,29.731455523747854,36.737002215718434
56,WYNN,-16.159999999999997,-18.3,0.4520186549142859,-35.75073688731793,2624.819003087968,2588.58803254725,2703.4483446131508
57,SFNC,-6.320000000000008,-5.2200000000000095,0.08162802856183765,-77.4243861005692,98.7899323727236,28.007781613068484,32.4001174616125
58,GFF,-8.26,0.0,0.0,-inf,336.4100967045691,317.40634559590404,337.09096710333125
59,MSA,-39.23000000000003,44.09999999999997,1.2899509900787038,-30.412008131879873,221.8655195789512,1097.7423727806593,1448.6248751234837
60,ROG,61.91999999999993,105.82999999999994,1.985575343506059,31.18491584946043,1225.561080848317,1653.327197143399,1838.3842917170587
61,MDU,0.0,4.919999999999998,0.0002748645309779064,0.0,238.37985378884926,601.2361540518547,757.1735353858162
62,AEL,8.810000000000006,12.260000000000005,0.1517908098166178,58.04040449249585,41.526364848486274,81.58022017434183,91.89636902639263
63,HAFC,-6.959999999999997,-14.439999999999996,0.024213088272516076,-287.4478431526718,411.83181434776367,381.64169134226967,363.83247593652777
64,GPS,2.76,-14.760000000000005,0.016774643084096146,164.53405215021985,504.8505873788017,259.10136814526186,256.1114496150541
65,ICE,-29.6,10.599999999999994,0.5263945490916456,-56.23158532146317,120.36753727215073,198.33228455996291,250.11422821133812
66,DLX,25.74000000000001,-1.9099999999999968,0.3202957362276923,80.36323025449803,290.38638461513733,303.6697177231416,290.66936133801545
67,MOH,-115.11,34.41999999999999,0.9989875873525338,-115.22665692479592,7213.022387632329,2672.004066569164,2217.8079288177587
68,TTMI,1.3800000000000008,2.860000000000001,0.042465816725706894,32.496725752706666,14.25858169317508,13.982720481016766,14.261875914078582
69,VZ,-15.93000000000002,3.9699999999999775,0.2515969727355237,-63.31554718961378,54.94733155891559,46.05696341834074,55.3410118360105
70,FORM,3.860000000000003,21.340000000000003,0.0298784372386517,129.19015707443305,59.59075055785372,11.317621420858885,11.976277798077222
71,MCD,-126.06,0.0,0.0,-inf,7614.712068122623,7616.772287026187,7616.772618026175
72,CTB,12.139999999999995,12.499999999999995,0.21660896103322005,56.0456960879756,178.3254073194777,57.160749976918964,57.16075242554957
73,DPZ,-132.19,65.87,17.675385137632453,-7.478762073396401,4763.707849405601,3389.2387808978783,3343.923203336969
74,LSTR,0.0,64.47000000000001,0.008760198850128088,0.0,500.7015021036378,579.0156819661657,699.4958831776396
75,ROK,-2.900000000000034,127.54999999999998,2.4347079383342107,-1.1911079576896475,377.47119809435327,1014.8995429113204,1196.2986053936306
76,GPOR,2.520000000000003,-24.54,0.009828118855659072,256.4071555309871,1300.6159509225404,1300.773935345476,1300.773949933856
77,SPPI,0.0,-1.5199999999999996,9.657190312407947e-06,0.0,8196.375179215633,11453.554665077194,11491.777364536734
78,PCAR,3.3999999999999986,41.44000000000001,0.08065008310546762,42.157427110815924,779.0021853615725,1153.1661196879095,1157.2757445973646
79,HTLD,-0.11000000000000297,-4.040000000000003,0.0012010598411183707,-91.58577802216429,360.9009398015786,334.9720161480556,378.50896065288947
80,MSI,-33.96000000000002,49.89999999999999,1.8691736631962144,-18.168456290963217,1460.6098524776005,3976.42330315834,4091.3430952415656
81,CPB,-0.11000000000001364,10.959999999999988,0.2898818056073557,-0.3794650021913015,185.8074669856645,192.63994799374692,185.578487204381
82,NPK,-47.18000000000002,1.4999999999999931,0.00563651335815132,-8370.422813204199,4100.99974762942,6797.396968392275,6950.774475913588
83,BLL,-2.3100000000000023,39.18,0.542199384325063,-4.260425346803964,84.49121826577738,85.41574555801863,85.4158442187813
84,ATR,-67.68000000000004,-10.530000000000044,0.4895689267059776,-138.24406801178966,203.8443445776561,303.9686289845206,251.18144821349725
85,SYNA,7.600000000000001,39.03,0.6406863974344679,11.862277754659774,442.7227225803012,929.6564157686701,1075.6670406601088
86,PENN,-14.019999999999992,22.860000000000007,0.11742611586418153,-119.39422416233143,38.20045463129357,122.55022663058635,136.78116536421902
87,OII,0.0,-44.45,1.91110894342393e-05,0.0,1698.2031422236953,3321.314064524965,3231.0087855794127
88,SWK,-44.10000000000001,27.929999999999996,2.77727496426127,-15.878874280541467,317.73946620221807,300.4623635420058,300.46237519492746
0,DFS,11.290000000000004,-7.299999999999998,1.320085590629342,8.552475748650187,511.9028658283252,500.85784088461935,508.5630188405901
1,KMPR,-36.85,12.61000000000001,0.16427346710752608,-224.3210705224821,614.835388867373,543.6301695447903,496.33507588116737
2,MDXG,6.4300000000000015,-2.96,0.0027599768559510816,2329.7296809339505,78.47712560088965,78.51815762121558,78.51815294132156
3,PPBI,-2.6900000000000013,0.0,0.0,-inf,546.4179269341536,504.02704077704317,492.0171047121521
4,DISCK,11.530000000000005,12.770000000000007,0.2255447103314815,51.120684599760466,93.79016270158104,93.73295937418469,93.78844074150255
5,PKE,0.0,-0.7599999999999998,7.345172262056966e-05,0.0,43.13285119503666,48.51733951870696,47.73870026393496
6,BXP,47.53,19.450000000000006,1.4937799496838555,31.818608898893892,422.3908289002992,335.6889492679496,339.68727299467963
7,EBIX,-8.700000000000024,-5.560000000000024,0.23311814654700536,-37.32013199687043,794.0707238812378,794.2074049317745,794.2074322481516
8,A,-52.49,0.0,0.0,-inf,414.28662303571394,405.5640562799164,414.4643065653249
9,SLAB,-24.120000000000008,25.09999999999998,2.1932469441686413,-10.997393642393877,615.948092338513,637.5662456127675,654.1171922018734
10,JBSS,-57.74000000000001,3.4499999999999997,0.0050631614811550785,-11403.942026124663,2014.6427856873984,2332.750680989353,2337.6919878575063
11,GATX,0.0,15.75,0.002326315747654494,0.0,3253.311739841012,3140.2333593794533,3258.4044098263757
12,SUP,7.8066999999999975,-6.219400000000002,0.0202897897382264,384.76002465870835,59.99652403772272,63.05212881139242,62.16303844076927
13,CHDN,-135.34,5.090000000000003,0.03332702020340387,-4060.9691227713483,2571.9600496283115,3228.9904399949605,3128.387802457133
14,JBLU,0.389999999999997,-10.660000000000004,0.001938991600927636,201.13547671553425,525.7860068125929,470.9928107877473,525.8999723417533
15,GBCI,8.0,24.98,0.1783437162598927,44.857201407320346,29.31475850118575,30.54010428935633,31.61466758096961
16,TROW,-4.290000000000006,64.1,1.744631675085412,-2.4589717481714186,982.2365792784236,435.2873717522924,435.28758602414285
17,FSS,-9.42,8.920000000000002,0.07535826526746389,-125.00287747556614,44.98002626519159,46.515699958422154,46.35206652451858
18,ITRI,-14.399999999999983,14.820000000000016,0.3910442033807876,-36.824481415410936,471.1328958190763,4948.63514776089,5843.487554010586
19,MPWR,26.649999999999977,208.48,6.504550933802862,4.097131419404406,438.49064114473424,495.4043573996417,438.4311099790936
20,DISCA,9.689999999999998,8.009999999999998,0.3141401807652756,30.84610181478291,27.57528042758692,335.1039970110489,354.9106266923513
21,KEX,-4.930000000000007,-32.5,0.0936168678459866,-52.66144994415511,2047.4955978631408,1415.01591773206,1485.1293342563724
22,DIS,5.110000000000029,40.70000000000003,1.6852473547763407,3.0321958290082622,353.4625748503765,580.2367134959128,758.7399609658544
23,CCMP,-114.43,5.6400000000000015,0.08572800061510429,-1334.8030885936555,3018.0602612455073,2940.2299059081956,2932.167578766151
24,BGS,0.0,0.3200000000000003,0.0019097195131768851,0.0,229.3795436284153,231.0095904806561,229.31154980483976
25,PEI,11.2557,-2.4431999999999983,0.02040990705813066,551.4821781374102,84.48139765738831,58.369578731485454,33.05428717297681
26,ANIP,30.139999999999986,2.3499999999999868,0.6383622835970766,47.21456886544983,526.3101277758901,713.8567948676417,739.0698903085428
27,MNRO,30.69999999999998,27.649999999999984,0.20580508673313536,149.17026827334084,609.089496172928,299.33259876418253,304.24952694918085
28,MBI,3.939999999999997,3.429999999999997,0.012391736847236542,317.9538145920722,28.388607449374934,22.208916946963395,23.786388140077644
29,FLO,6.160000000000008,14.430000000000007,0.020803439410380587,296.10488335531016,27.33805246493673,102.49425777278587,102.49431670563709
30,GEF,0.18999999999998352,13.649999999999983,0.3125880926332613,0.6078286552741401,254.64562756996202,402.75145845659597,457.5266942937686
31,LYV,3.8500000000000014,14.170000000000002,0.3559365212313221,10.816535450426278,477.37748472224456,406.02018086870606,374.0034815160734
32,KLAC,-139.39999999999998,17.269999999999996,0.5083967374707643,-274.19530796657847,1248.3671407034733,1107.6609875618913,1225.5472626729304
33,JWN,8.73999999999998,-36.49000000000002,0.12475986440546763,70.05458078725637,2502.5061963880216,3718.5381946050343,3841.522799388233
34,VNO,3.4300000000000215,-32.77999999999999,0.017546835363615274,195.47684405316707,2064.346164820385,2137.4496129897416,2064.920722455672
35,CKH,0.0,-37.56,0.0005648536539354591,0.0,5307.235506785562,6867.500365869892,6980.5450909434385
36,EGP,66.86000000000004,148.15000000000003,1.8326444025918824,36.482800430591396,99.93465766081532,515.3088952529113,714.3414286877808
37,INGR,26.82000000000004,17.90000000000005,1.4934676414309005,17.958206295185363,1038.9456313302694,646.1394035634938,701.6698733576543
38,AAXN,-40.38,16.28,0.3737742455543557,-108.03312555714271,531.5760409063229,544.2935099239926,531.5426946026927
39,CVGW,-4.349999999999993,-1.4499999999999955,0.02445106475713634,-177.90636290104274,2855.0318061062358,2049.7721470238453,2872.49953776014
40,KOPN,1.7200000000000009,-0.649999999999999,0.0017233094911045619,998.0795724031904,7.0499351020728875,55.79551364433678,64.57939290519494
41,SENEA,15.110000000000007,23.75000000000001,0.08784083726222572,172.01566459223375,252.37369792245204,704.2673251722572,877.8177608902631
42,DHR,-152.18000000000004,10.039999999999992,0.3751806136209836,-405.61797298443537,2388.737037342197,3074.1960674506627,3074.1971246073244
43,THG,-37.860000000000014,2.1399999999999864,0.02856249739843435,-1325.5143439269182,1066.7507693169662,1044.85487622834,1066.9541459045397
44,HOMB,8.700000000000003,2.3100000000000023,0.09391138186757954,92.64052798485602,83.75495820137935,18.09707915405289,17.826176534165715
45,NKE,-43.47000000000001,20.65,0.5835068017206194,-74.49784624929404,174.2798654551846,228.14478617950382,169.68240603477733
46,CBL,2.207600000000003,-9.309699999999996,0.0015943103893256475,1384.6739096605654,215.50711757495486,30.141392283948328,18.64233693405909
47,USAS,0.0,-1.6299999999999994,1.9205528871092014e-05,0.0,49.300963437054,74.9095247745442,51.19270195571053
48,CGNX,-48.69,0.0,0.0,-inf,780.5128625549916,1328.3880964391635,1401.4209835077759
49,Y,274.98999999999955,367.8199999999996,55.045508284570026,4.9956846356723155,5786.150229852937,6174.711838180235,5864.931793919301
50,SEE,-11.59,-12.200000000000005,0.16384569638207386,-70.73728670280806,198.75132187181512,57.09839412982532,59.20164329103189
51,HSII,9.169999999999987,14.009999999999987,0.07993890006511266,114.71261166379252,101.7308906274344,91.8771936334284,97.50284026520131
52,BMY,-11.39,0.7899999999999991,0.018331590812610515,-621.3317827367546,325.8575780323848,290.6767274395009,326.2338131447762
53,DAN,6.5,-8.83,0.07237022445192452,89.81594363187232,96.86140220996477,96.4071515318352,96.85648194605963
54,CSX,-37.2,4.469999999999999,0.08185701721815795,-454.4509592972086,634.8931725657237,989.7609042155195,910.569393285632
55,MUR,0.0,-25.3,0.00011889396566907659,0.0,3355.755678707528,4440.979508809348,4693.379990239912
56,TOL,13.719999999999995,17.639999999999993,0.280762206039851,48.866976056074286,369.6297218354442,156.41469696269664,266.4683256019117
57,TISI,11.750000000000007,-20.469999999999988,0.05312609313643098,221.17191960314685,516.2955939049228,652.4737546325748,571.3540604991001
58,CMT,15.38,7.21,0.003970308342138775,3873.754548674401,101.74691748153991,49.484389419599104,60.87545296497715
59,MYE,8.459999999999994,10.479999999999992,0.028428797365759095,297.5855746254533,20.34910445489602,28.560214159608666,27.65402110314989
60,RSG,-45.89,1.2800000000000011,0.01053559638113807,-4355.709761448065,615.0668293445708,592.4575193790414,615.3437080903943
61,BYD,-1.9700000000000024,11.069999999999995,0.08959457972190939,-21.98793728498578,47.49295248379811,581.2421320642659,581.2423605339783
62,KMX,-30.209999999999965,16.880000000000027,1.1875042973205716,-25.439907938156,181.59546473578015,144.98050571774613,181.85458902822091
63,CHL,7.6100000000000065,2.6300000000000026,0.22932308886841585,33.18462191291422,30.44053353522957,3913.804389891613,5129.647170064392
64,CWT,18.3,45.18,0.14156914998424527,129.26545085590004,20.54168651218507,32.44421222877248,48.2605262495091
65,CASY,-20.33000000000007,69.31999999999992,2.9180905185537336,-6.966884635942013,302.2277079001744,230.13242798547043,322.0924270139608
66,BDX,30.879999999999995,158.14,5.276121427214581,5.852784176027285,847.9014930245854,1036.044976142243,1312.3930995842366
67,NTAP,-10.150000000000006,3.9899999999999953,0.07272828719321682,-139.56055328285893,540.5501300810341,2021.8987188795331,1990.7921571891254
68,XPER,0.0,-13.86,0.00029632111580588235,0.0,642.8243359402778,660.8775888228348,642.7787867803524
69,MTSC,36.619999999999955,-1.5100000000000442,0.5559779687878936,65.8659192554634,1993.2543363052955,432.5527002183308,282.2869544604779
70,MKSI,-89.85000000000002,0.0,0.0,-inf,2168.5757583257564,2126.6226241588097,2169.2671081699427
71,TMO,-257.58,33.150000000000034,2.9623872467270425,-86.95014478089728,5338.41335209799,5401.808480245882,5338.645115777898
72,JBL,-2.2099999999999973,12.09,0.12211607472234172,-18.097535521223787,145.22225736942673,77.85724951884872,77.8572473608607
73,IVR,3.9146,-4.1739,0.014924377987587582,262.29568852087004,15.615363285066822,15.615366233169393,15.615366233314287
74,KALU,68.97000000000003,38.56000000000002,0.8602135521150699,80.17776496361681,194.55527841206225,236.85976677739518,254.20271291090611
75,HUBB,0.0,47.27000000000001,0.011101884760515929,0.0,1074.1801812391043,3654.667047940431,4040.720111327525
76,CVS,5.36999999999999,-18.320000000000007,0.5532287575159898,9.706653761296533,2372.406469139737,4451.624956138247,4946.3798411543
77,ABCB,-12.109999999999996,-9.739999999999997,0.187141338168498,-64.71044889663243,110.65004514602155,355.56480388404754,374.2709009392298
78,ED,8.669999999999987,28.319999999999986,0.9344580604318328,9.278104997021906,152.7616178241629,62.58888711250622,59.983614093994035
79,CHE,-388.85,13.089999999999991,0.17555164991070862,-2215.017632689764,19239.096892804373,19446.282755988967,19716.07509526045
80,XEL,-20.250000000000004,20.64,0.39154825803494,-51.71776296906161,39.46569396947312,40.056668843115595,39.47733720790421
81,CMTL,0.10999999999999943,-10.869999999999996,0.0006203075629067508,177.33138619903536,302.22744273069736,777.9393305133686,837.3517594722734
82,IDA,-33.02,0.7700000000000031,0.01126308408404725,-2931.701455267363,2148.2479293286588,2021.8913275677344,2148.4319154099626
83,AEIS,-23.399999999999984,32.21000000000001,0.4622670734754037,-50.6200881323317,540.8446832174096,2138.816487207469,2309.282889690733
84,R,0.21999999999999886,-38.24,0.1567281492529003,1.4037044465126784,4238.739541992793,13134.980551618566,14574.732559208198
85,ETFC,-13.650000000000004,12.519999999999992,0.3226965352768961,-42.29980339977111,300.7686776487838,8583.355163464863,9037.022755445949
0,RCII,-3.879999999999999,3.610000000000003,0.07601412950372186,-51.04314191758289,159.45722521791922,159.5419004822436,159.54190358527572
1,CAMP,4.0299999999999985,-4.83,0.027157157944350425,148.39549883158415,170.94701541342906,519.8045465495491,522.7539196645353
2,VSAT,3.039999999999985,-16.750000000000018,0.7616454998787981,3.991358184987301,408.1996035294024,1269.2738161080895,1493.7747224809507
3,PFS,2.25,-5.5100000000000025,0.042205947043142886,53.310022819771135,176.56819050554634,235.06271525702223,242.81809248044325
4,MLHR,1.0599999999999952,-1.6700000000000053,0.005306804212426685,199.74356647977416,198.5718114946904,283.9528610131585,306.7293738980101
5,SBRA,1.5800000000000018,-1.009999999999998,0.030971814830787682,51.01412392629299,29.571671706137,29.22029749361947,29.574867558220586
6,HIW,0.0,4.469999999999999,0.0008311167598574738,0.0,266.4114727314748,202.1771412210172,197.15525191896316
7,CLI,0.1600000000000037,-1.1499999999999968,0.009043135904285338,17.692977490715727,203.93909677634102,216.72226623176928,204.02621169174245
8,GTLS,-29.529999999999994,0.0,0.0,-inf,1339.1696005802844,1761.8306636397033,1801.0238584361075
9,DRH,0.02000000000000135,-4.919999999999999,0.00916986087222388,2.181058172930702,6.035306925411643,5.944157597720013,6.0379161377072075
10,SCHW,6.580000000000003,14.45,0.06451679731668135,101.98894355685397,63.77377834338562,626.7821842776872,682.3908746301789
11,NRG,-14.09,3.129999999999999,0.0316529279701863,-445.1404942149834,210.6894129414463,204.93657567794358,210.73128836395463
12,AGYS,7.399999999999999,21.4,0.05174741664849294,143.00230773385888,19.490196146679455,27.199651834097114,27.107934390368282
13,IPAR,2.5699999999999967,24.43,0.2404049243925941,10.690296825214153,170.9855689138751,182.5256022713557,194.5576545245343
14,VRTS,49.79999999999998,82.57,5.845441925705647,8.51945851707153,1177.426102468169,2524.358802539205,2553.348102209401
15,TER,-63.95,7.75,0.02696029598194894,-2372.006599735301,275.00442093742777,838.8447417577379,925.0798811282243
16,NOC,-150.37000000000003,39.45999999999998,3.8354972452337135,-39.20482544652103,5155.032914294034,13606.424958864773,17103.527218010502
17,CVX,7.349999999999953,10.379999999999953,1.9170125984816968,3.8340906083878967,348.7849901143527,275.3924887846573,260.13131662652575
18,STRA,6.0299999999999425,68.52999999999993,1.1347909890511203,5.313753861441971,1480.4754288755807,1559.754688204689,1562.8608973709745
19,JCI,0.0,8.229999999999997,0.0008659738691000412,0.0,423.1674512708205,427.1626230855779,410.1282984048721
20,WGO,-6.730000000000004,33.22999999999999,0.30116463994952425,-22.346580930377367,112.29044631595514,140.4665522152275,160.14306599059972
21,CMO,1.0299999999999994,0.0,0.0,inf,16.404870026999422,16.405080580943242,16.40508058581916
22,AVT,8.559999999999986,-2.9600000000000115,0.027915403684267964,306.6407384545211,347.3306009169848,301.8508048149027,348.3835593919661
23,HST,3.5300000000000047,-3.649999999999995,0.04003799469674362,88.16625374814556,30.47305764338472,28.74329683731812,25.809494369594173
24,RRC,0.0,-41.0,3.998499946376333e-05,0.0,8187.7877403398315,15871.00151816056,15871.003270242527
25,NUS,2.610000000000003,21.310000000000006,0.3191692864043509,8.17747857070881,330.17806267435435,291.70668409671737,330.32916984305285
26,ZION,0.4999999999999858,11.989999999999988,0.34132684687298104,1.4648715873968514,73.29334938219621,378.15397100104593,403.06705236987716
27,EME,7.17000000000003,36.410000000000025,0.5652710232546958,12.684181047733315,337.92405029006244,349.11863755447337,344.481998012042
28,MD,8.350000000000009,-49.42999999999999,0.02995642141657256,278.7382339126997,9223.357457322343,10484.867197923928,10484.866664477553
29,TAP,2.9099999999999966,-23.57,0.5062071512467768,5.748634709787747,2298.127984680095,1629.0147568332764,1655.853969497657
30,DBD,12.480000000000008,-9.239999999999991,0.0703869877684603,177.30549915068494,1509.355251829845,282.8874373625042,282.8869968838307
31,LSI,7.800000000000012,32.96000000000001,0.9033837056170658,8.63420488049664,212.41097744704743,379.63672399346086,404.4610539742652
32,KNX,7.760000000000005,24.41000000000001,0.1260223201767865,61.57639368259629,264.88119858900865,47.76057869231914,44.858526999659354
33,EGOV,1.0700000000000005,5.7600000000000025,0.02557052392267977,41.84505578514814,104.36838026264263,87.70516446157602,87.01445211649263
34,TTI,0.0,-3.904100000000001,1.8055606697422703e-07,0.0,133.0519852735059,704.8236480595816,850.3392955195219
35,PBH,0.0,-12.259999999999998,0.002346943963321884,0.0,1761.4495883030347,1895.1467648174105,2040.8410175397034
36,WERN,0.5399999999999991,19.93,0.1351017337648928,3.9969879360669043,30.33474230051768,133.08509925441132,147.67438918956202
37,PAR,-21.57,8.290000000000003,0.03238977727382696,-665.9508590517527,145.24255421986425,60.4623861667667,60.244170860766715
38,AVB,24.51000000000005,39.17000000000007,4.753457816190377,5.156246452112918,646.3802434939818,1897.066138520813,2051.100560835917
39,MSM,-0.7199999999999775,13.810000000000016,0.824667307341468,-0.8730793540501648,203.56498326120217,239.1982699455711,342.1157448341162
40,REGN,-130.89000000000004,82.69,9.426835960507482,-13.884828435367591,44962.436037561354,43538.628390741804,32506.318567859435
41,MTG,0.0,-0.13000000000000078,3.9169462824568896e-05,0.0,1003.8398940951844,792.5806704367767,804.3873441657372
42,ASTE,6.329999999999997,25.41,0.328592486950487,19.26398274880161,304.5270448130205,356.4204078567185,384.96712255796905
43,GES,0.8399999999999999,-3.5,0.003902191993163093,215.26362656469425,128.99750343240086,905.654829416548,1305.0335938054855
44,AGCO,22.89999999999999,50.17,0.44399398035335774,51.57727584904364,136.96784801165103,1635.860518902937,2040.6556975644946
45,ASGN,43.35000000000001,79.08000000000001,1.0389311393941152,41.72557579252163,125.88501109010795,128.85508487911906,126.00643219438801
46,TGT,-26.93000000000001,45.58999999999998,1.0908497826566046,-24.68717547379984,164.11598334569402,164.06492654218138,164.0649171653565
47,KIM,-0.030000000000004686,-7.600000000000005,0.03656266825323598,-0.820509044696144,56.471562569924004,72.73213912484569,56.391550388790506
48,TRMK,10.090000000000009,15.580000000000013,0.13394960058216296,75.32683902115059,15.601554351839464,102.19867178426094,138.52773717361777
49,UNH,-210.51999999999995,12.51000000000002,1.105212905902325,-190.47913653173083,7589.022078826162,7961.60118389455,7581.824755706954
50,FTK,0.0,-4.36,4.394227232693997e-06,0.0,360.25450776508416,791.8039185198261,823.9110870829949
51,PRU,0.0,-15.689999999999998,0.0056333715384596856,0.0,1137.8285038443319,2169.754200018646,2530.0733754140074
52,ATO,1.690000000000012,59.11000000000002,1.1096388570726434,1.5230180425173905,193.67336348103612,44.17854432068988,34.1703441787436
53,AMP,36.23999999999997,67.54999999999997,5.017973236966077,7.2220393152019025,469.2910597935065,510.12174634527986,610.6404134426338
54,PNC,-34.76000000000002,-0.430000000000021,2.22027783819916,-15.655698310349047,383.60336759302106,721.6327044130791,728.5423523808458
55,ICUI,-0.7999999999999972,97.07,3.199996526756731,-0.25000027134742403,5785.0922646214685,5785.5776129540645,5785.577563758346
56,UGI,6.249999999999992,10.42999999999999,0.2462252716400523,25.38325964012597,145.48571342067962,440.49357179207016,440.4936258067732
57,IFF,-0.18000000000002106,27.519999999999985,0.26125332480639263,-0.6889864469032648,1316.8249150068593,595.9900915224805,596.1407861809046
58,NEE,-118.45000000000002,72.88999999999999,4.2720035183135225,-27.72703708979178,748.3826408781149,720.5449477486867,750.8720892342458
59,SRE,5.039999999999992,49.59999999999998,0.41451429369962295,12.15880869877124,421.3029870696213,408.0876100348085,369.97329563402565
60,PEAK,1.6000000000000014,0.10000000000000142,0.14024200284635502,11.408850184155698,434.9425098920443,59.157531235861065,60.97691560624371
61,LMNX,-21.98999999999999,-12.399999999999988,0.20059665233542184,-109.62296600658148,49.68519193120709,36.14222497056593,36.14222545334162
62,APH,0.019999999999953392,57.12999999999995,0.43360624985983787,0.046124796417068105,154.29311131932513,171.30433516111646,889.8163365573628
63,STE,-36.58,60.83999999999999,2.191719895816098,-16.690088943313278,290.98707547554545,513.2264885800479,548.9412877632051
64,SAIA,-83.51999999999998,-0.3500000000000014,0.02865206807255293,-2914.9728315774682,1640.6898351785055,1383.3579198617515,1360.5517977026739
65,OIS,0.9299999999999996,-22.01,0.09919609711125396,9.375368861105018,1361.7846278589502,1329.8838319923855,1361.75898649893
66,SCHL,8.399999999999999,0.0,0.0,inf,765.1175262095833,739.6921206622618,765.688789842785
67,HRL,-2.059999999999995,26.57,0.12400178623226008,-16.612663918740143,78.36013505611754,39.0305732252358,39.861952184732225
68,FDX,31.61000000000001,76.34,3.822353124815599,8.269774918172944,8653.404439636797,2675.6286277772947,2764.971914796386
69,RAVN,9.25999999999998,14.409999999999984,0.14358625240584755,64.49085371924414,65.68058649665495,119.0410115720409,138.8826667588865
70,CTL,0.0,-13.46,6.356284163099675e-05,0.0,429.30248251583464,512.0670268604257,510.9025858770377
71,HPR,-0.049999999999999815,-2.69,7.679392502418651e-07,-65109.31689486133,283.8274302178438,280.6387162952367,287.4838184195151
72,THO,0.7799999999999443,55.679999999999936,0.8360464278066425,0.9329625413821392,1981.8614717288385,3391.483768378472,2952.096085073869
73,WFC,0.0,-19.6,0.0003320084254798422,0.0,864.2206298257562,910.1417173098877,1106.7909024289163
74,SM,0.0,-40.9283,4.920502940948883e-06,0.0,3836.953442074589,4238.10227669182,4238.101956130564
75,SO,5.539999999999992,22.82999999999999,0.3928151414953349,14.10332600446815,128.9519890832145,45.45565075183297,46.1054968011979
76,CBRL,-10.990000000000052,9.999999999999943,2.185580792727148,-5.0284116865278765,427.97492251840515,735.4036063628798,740.9676309752044
77,PGTI,3.330000000000002,7.790000000000003,0.06692818117683852,49.754825866273464,25.771243293717518,24.347645305003738,25.79584035101541
78,VLO,-8.980000000000018,1.059999999999981,0.8945437512788127,-10.03863700032836,252.36455851099532,252.98110669728825,252.11680608201146
79,DIN,17.39,-7.8400000000000025,0.9987010131945626,17.412618762019974,375.08960856624293,998.0673888363112,1130.8193035714219
80,LH,-28.980000000000004,44.13,4.827444508018268,-6.003176204690684,1128.7986739133619,3296.0313792022716,3296.032276321601
81,OI,0.0,-13.22,7.161166905093144e-05,0.0,662.0374775617264,2925.0981056927553,3093.000599442347
82,CPF,-3.0600000000000094,-6.090000000000009,0.04293068823010344,-71.27768331126605,4484.719944163673,4484.220875526606,4484.217395094282
83,TCBI,15.470000000000011,-28.65999999999999,1.702307993344944,9.087662197721514,2373.928379231738,3650.614573509457,3797.0911127276618
84,WSO,-88.23999999999997,58.02000000000002,2.3873574352754114,-36.96136937694057,620.6546698615589,623.3474889320961,935.0036087849446
85,WTFC,-17.439999999999998,-11.269999999999996,0.7854414913094936,-22.20407273229723,523.952045733181,432.4996142977909,426.2123861232444
86,LMAT,0.0,-3.6999999999999993,0.001660282032456572,0.0,214.26033940399327,164.50054071880382,164.5005611786151
87,VG,0.13000000000000345,3.650000000000003,0.011780408534235832,11.035270943465312,10.849387795451703,11.012964755543056,10.842742195317435
88,TDC,-3.9199999999999946,-18.66,0.43005280582709976,-9.115159689426624,356.0919128548178,343.20529640226965,356.0794702256028
89,CNSL,3.76,-3.37,0.015158479687791122,248.0459833335637,182.75317470127757,53.40857029154296,46.588046353532036
90,BOH,0.0,8.75,0.0018221239527962247,0.0,1078.3396485242672,773.5616577961541,798.9020012239024
91,MSTR,-3.6699999999999444,-24.159999999999954,0.19813863041342653,-18.52238502074179,65168.10715896085,179469.3699901799,182134.1952188254
92,WDFC,-83.67999999999998,39.56,2.0009350078227537,-41.82044877662139,820.8232558323965,1230.1127928457392,704.8186330121698
93,AROC,0.0,-1.2300000000000004,0.00012034521434855327,0.0,634.0486939084966,925.8895955257248,943.3369025518393
94,EL,-103.05,34.01999999999998,2.5577987360244823,-40.288549113980665,1923.3682298737854,681.4143121694052,642.0815411491537
95,ANTM,104.26999999999998,264.89,15.791298827483162,6.603003409607358,1189.3358800955054,1188.8252697633375,1188.825061994529
96,EQT,10.469999999999992,-15.750000000000007,0.1509756628154642,69.34892554700919,1311.9931635945272,1311.7061671101765,1311.7064123499804
97,DXPE,9.41,13.19,0.03487364242793015,269.83129219859103,891.5616959052965,1817.6252260084493,1817.6248059836746
98,TUP,6.679999999999992,-22.97000000000001,0.017822790662505857,374.80101329208986,1227.4981470013913,1568.2668774696951,1568.266760452702
99,PHM,-6.790000000000003,17.669999999999995,0.11548117639430452,-58.79746130067032,39.92481849284419,670.365417697161,898.9395353087223
100,WRLD,-9.36,-1.0499999999999972,1.7611054396779364,-5.314843614197066,1133.0712891547207,1391.7449944000864,1394.6297416548941
101,STL,-1.9799999999999969,-4.819999999999997,0.09196283003832108,-21.53043788642572,31.59179343728759,29.40403357896572,31.74779908883667
102,NDAQ,-16.680000000000007,49.90000000000001,0.6465806894180095,-25.797244292918425,372.1244446777691,296.3864425602753,372.45477420302717
103,CNK,4.540000000000012,-15.939999999999984,0.3962596859689428,11.45713319006627,98.95253874749004,154.23732899379874,171.51981372337943
104,GIII,5.099999999999994,-34.050000000000004,0.1932955845355583,26.38446197441105,977.4402370424452,1136.3925767454305,1276.7909211928893
105,ECPG,-0.21000000000001506,17.939999999999987,0.2968195627266714,-0.707500536928542,70.65802358892927,134.60656603075682,170.40594642933874
106,IIIN,-4.369999999999997,-3.359999999999996,0.05400805663492315,-80.91385382628692,1018.8057198249684,1022.1060202550684,1022.1061214988557
107,BFS,-1.3299999999999983,-16.4,0.009762977157183423,-136.22893699197158,547.0307661699566,335.49393403070275,335.4939877116101
108,VAR,-0.4000000000000057,91.79,1.2995947399545855,-0.3077882571408251,1459.1719486794152,350.0952251679567,350.0951689197436
109,CMD,6.830000000000008,19.34000000000001,0.11786308607956485,57.9485929580135,1311.1578098997925,1382.3295146105074,742.2388924427948
110,DE,-96.42000000000002,16.229999999999972,1.2319875728270615,-78.26377645899747,2229.554727925208,7066.675551495635,7189.267334148189
111,FIX,-24.88,0.4800000000000004,0.0015592587061914792,-15956.300196501643,207.6607849175872,197.5286813768164,207.74946403637517
112,BCO,9.98,31.06,0.05362405631126011,186.11050126590996,1326.8941235881075,851.1166677962674,803.1043939653929
113,WETF,6.7963999999999976,-5.608700000000002,0.016689533738645856,407.2252770167227,11.277346968126785,37.030729087449544,37.14989039309043
114,L,0.0,-2.5900000000000034,0.0007336935979990077,0.0,494.3532721828438,2172.088422981419,2222.9879585354824
115,SPG,0.0,-82.13999999999999,0.002571533582576369,0.0,3288.1685084985907,4132.0777630547,4703.482155350848
116,CYH,-1.6693999999999958,-35.6819,0.11450215720295095,-14.579637980453455,1388.3689099494854,1702.9852592074797,1741.1267022498714
117,UFPI,-38.24,7.870000000000003,0.01741706545009318,-2195.5478154211914,96.4612523138847,192.23036282663068,211.7981140443107
118,CIT,14.709999999999996,-9.590000000000009,0.39464076271869336,37.274405965218385,192.40774108042413,172.78659268229427,163.32567019820718
119,NUVA,8.01000000000002,-11.869999999999974,0.07440120702915501,107.65954370688105,616.8704685322319,1624.863715130352,1851.9348449713282
120,PBI,0.0,-10.6,1.930046323502152e-05,0.0,404.793856689422,401.23939251447405,404.87677943581605
121,OFG,1.8999999999999968,0.6399999999999971,0.002911529952311853,652.5778649439387,58.40406860415531,75.35118213062813,75.52604038885022
122,LCII,-71.78,9.920000000000016,0.15635679377493586,-459.07822913868415,1873.7030958363807,1866.232843966499,1876.6289175571487
123,FICO,-343.7800000000001,7.499999999999987,0.2860208128052172,-1201.9405043580425,18680.956583163348,20443.05260468848,22888.268251895646
124,TFC,4.9099999999999895,13.09999999999999,0.06951152667087628,70.63576697499245,257.8001249306747,258.24457603927664,258.2445483872451
125,PPG,0.0,15.63000000000001,0.00734270350406682,0.0,2143.93419020483,2234.0783083287643,2038.2051244556785
126,LPSN,-42.28,8.99,0.05051161218438502,-837.0352513331633,193.85894785406703,257.9911401654557,262.5008702757981
127,UPS,-7.42000000000003,60.40999999999998,2.764839802145371,-2.683699791301651,95.1373291047424,112.99160619609724,110.95245087631191
128,IDCC,-7.100000000000001,11.439999999999998,0.3251887719910295,-21.833472159967013,383.12291966890325,637.2531451001947,680.6789961944702
129,AAON,9.509999999999977,45.399999999999984,0.18094818094010864,52.556483025091346,28.349100100152572,28.446943525212774,28.44700306123235
130,PRGO,75.46000000000002,-11.009999999999998,1.5224105542181403,49.566130365375564,20463.907972925477,7780.374389202279,7168.378526174324
131,KDP,-7.790000000000003,4.399999999999999,0.011922480834844712,-653.387504489242,35.20473930415965,36.25412492999233,35.201799186761434
132,SANM,-9.930000000000009,-2.990000000000005,0.1059817584796098,-93.69536930178862,1510.540273528705,1358.5251630260236,1511.374833818996
133,MA,-181.69000000000003,1.6499999999999773,1.811915633277148,-100.2750882343146,7762.162303765612,7500.653274878302,7762.747578355129
134,EFX,12.810000000000016,97.49000000000002,2.961431328828499,4.3256110230546785,1097.124587133947,274.1994905894226,294.39007870190176
135,CMP,12.0,15.049999999999995,1.013064335445517,11.845249684683388,164.45482911279097,135.7228361960414,130.41364722122722
136,GCO,0.0,-52.74,0.00019280670016073704,0.0,2839.2706374282648,3688.9352067091413,3553.154733592629
137,MATX,7.539999999999988,14.449999999999992,0.10013687116749634,75.29694019886068,450.7989687825605,632.8323055942932,580.8722370905026
138,GRMN,-50.08000000000001,12.459999999999988,0.20173812745788555,-248.24261348641002,353.1652486737322,362.91627223252397,353.1201272597969
139,CPT,12.099999999999987,39.06999999999999,0.8135187249219826,14.873658871417362,192.64872843871484,775.6715187128839,1072.3354933303362
140,FULT,5.410000000000003,5.870000000000001,0.02298295429741679,235.39184432038257,12.036719428957625,9.227848525840676,12.585816393403466
141,BSX,-19.57,5.01,0.020470499491041853,-956.0098916279048,108.52090535060692,324.3746133471408,333.75770465820443
142,ITW,-0.5,110.7,1.2917954806356609,-0.38705817406480025,506.29232176412455,330.1912818367577,649.1727922422832
143,CB,2.8199999999999785,33.71999999999996,3.0792102932424967,0.9158192300761756,516.75424697237,295.32229998844605,231.34216829010484
144,HZO,6.9899999999999975,21.27,0.06585455818690522,106.14299438713594,24.048077503455787,24.962832786189924,24.03881738964746
145,CAT,1.380000000000038,72.04000000000005,2.4876221815062833,0.5547466211948764,504.8424654569494,955.1159333990016,1117.5229304849697
146,BHLB,-4.74,-18.68,0.09625884920131207,-49.24222592862029,69.30298468182447,69.32906086520616,69.32906181425011
147,GHL,8.260000000000002,-1.1799999999999995,0.006238765329870432,1323.9799164190629,529.0951321670043,425.15791618750535,529.377942912263
148,LXU,4.460000000000012,-27.799999999999994,0.04624335223108925,96.4462951931406,1327.573672881111,1196.6848754685902,860.7705618817215
149,ES,1.5100000000000051,43.76000000000001,0.3628890303422533,4.161051654209198,210.33381965414048,150.2390159743281,150.2398364463437
150,ITT,-4.190000000000012,24.32999999999999,0.3172207074005224,-13.208469378733607,113.19320612839445,113.67681913577076,113.67687455893055
151,LPX,0.0,16.9,0.0005314708029878735,0.0,97.86577219803371,75.74114167857229,77.45387781357664
152,ASB,6.230000000000006,4.6600000000000055,0.061059547755968224,102.03154508937644,19.89232848456981,20.074748321037358,20.074761742051876
153,TSN,-6.960000000000008,20.33999999999999,0.7014696907513387,-9.922025273173537,445.53738415080704,131.88894055021842,140.51313059794634
154,AZO,-209.95000000000005,365.58999999999986,142.70962753864663,-1.4711691398896287,52748.134747722645,19207.88809152232,19651.87153157172
155,BXS,12.839999999999991,17.059999999999988,0.08996978265591672,142.7145828406154,18.21250866666124,79.57857934180691,77.5932886636315
156,CTSH,-6.420000000000003,5.750000000000008,0.8455128721182438,-7.593024555517558,218.0253628459145,206.4921908472065,218.05443865678055
157,AHC,0.0,-2.4246,6.909850446301676e-06,0.0,16.98796451228661,17.017080957027897,17.01708327431162
158,AXL,7.470000000000002,-0.9599999999999964,0.048890546995458056,152.79027253865596,32.65392822964395,48.48550990683479,49.74180258207879
159,SYK,-11.15999999999994,90.54000000000006,4.4458121744223,-2.510227504482935,583.9271758379382,699.3794328015877,744.1389418738161
160,GEO,11.739999999999995,8.149999999999995,0.020164786481033026,582.2030404855825,17.505127490615973,17.512163790605367,17.4983841493393
161,TKR,0.0,19.51,0.001590219628406943,0.0,189.28829894263325,248.40131617883358,258.16775681204194
162,ACN,-37.619999999999976,84.03000000000003,5.2057496390606905,-7.226624906761366,2384.263276322678,639.7414370457434,626.885460879143
163,ATI,0.0,-3.18,7.756143158746069e-05,0.0,213.5629774487699,332.0621186099626,326.697297354218
164,CATM,31.249999999999996,28.26999999999999,0.4773899393837529,65.4601143047539,42.40085284953484,43.64148432321237,46.5964554229152
165,WNC,9.719999999999992,9.869999999999992,0.03773061947219822,257.61570141095,15.510180030561276,259.2993439569642,259.17094599462825
